Date,WTI,10Y Treasury,Tadawul,S&P,QE,DFM,ADX,MSCI,EGX,CPI,3M Treasury,Brent
1/1/20,61.06,1.921,2165.50538,3230.78,2849.51212,752.75252,1381.91478,2358.48,869.95501,2.5,1.5436,66.0
1/8/20,59.61,1.8755,2165.50538,3253.05,2821.47497,738.76395,1366.55568,2366.93,844.98964,2.5,1.5257,65.4
1/15/20,57.81,1.7847,2247.72364,3289.29,2909.16064,767.21753,1408.67247,2392.06,868.19924,2.5,1.5564,64.0
1/22/20,56.74,1.7708,2246.6839,3321.75,2915.57885,775.64389,1424.99864,2410.23,870.3151,2.5,1.5436,63.2
1/29/20,53.33,1.5856,2181.81358,3273.4,2849.15541,763.82521,1406.22243,2373.52,871.11544,2.5,1.541,59.8
2/5/20,50.75,1.6526,2157.46042,3334.69,2809.69714,754.63109,1383.28151,2404.96,886.3179,2.5,1.5487,55.3
2/12/20,51.17,1.6351,2110.36873,3379.45,2715.41945,743.23986,1379.17043,2434.95,880.34336,2.5,1.5692,55.8
2/19/20,53.29,1.5696,2124.18353,3386.15,2695.68563,742.75096,1381.42204,2431.23,877.88397,2.5,1.5692,59.1
2/26/20,48.73,1.3404,2055.09301,3116.39,2604.67565,713.50123,1331.52273,2258.62,846.20158,2.5,1.5078,53.4
3/4/20,46.78,1.0554,2005.24997,3130.12,2522.24495,675.03403,1271.34794,2243.09,779.32332,2.5,0.7104,51.1
3/11/20,32.98,0.8743,1744.86459,2741.38,2348.88465,601.12987,1153.14811,1972.05,713.06486,2.5,0.3943,35.8
3/18/20,20.37,1.1981,1636.05795,2398.1,2360.04632,481.57637,925.5682,1682.25,556.12572,2.5,-0.0127,24.9
3/25/20,24.49,0.8721,1652.99521,2475.56,2312.82385,496.32725,1067.62456,1785.99,626.46334,2.5,-0.0813,27.4
4/1/20,20.31,0.5848,1744.62621,2470.5,2211.88124,468.4735,1019.60333,1781.27,598.27276,2.5,0.0381,24.7
4/8/20,25.09,0.7738,1860.2897,2749.98,2462.29039,481.08631,1052.77294,1940.08,641.25322,2.5,0.1627,32.8
4/15/20,19.87,0.6332,1811.66445,2783.36,2411.92916,516.43299,1123.69388,1960.2,654.73509,2.5,0.117,27.7
4/22/20,13.78,0.6222,1737.90383,2799.31,2320.2484,507.00498,1085.47494,1968.27,622.18815,2.5,0.0915,20.4
4/29/20,15.06,0.63,1858.29476,2939.51,2373.25369,545.62755,1149.46284,2070.76,669.40856,2.5,0.0788,22.5
5/6/20,23.99,0.7046,1771.15369,2848.42,2391.18209,522.47209,1094.89518,2007.6,653.28548,2.5,0.1068,29.7
5/13/20,25.29,0.6541,1788.51517,2820,2400.90016,523.04656,1105.07841,1998.48,660.23637,2.5,0.1093,29.2
5/20/20,33.49,0.6818,1877.29197,2971.61,2414.76483,526.40621,1124.65042,2092.03,644.94398,2.5,0.1144,35.8
5/27/20,32.81,0.6851,1877.17252,3036.13,2418.08421,540.27388,1125.41559,2136.9,637.29836,2.5,0.1398,34.7
6/3/20,37.29,0.7491,1923.92381,3122.87,2507.78485,544.43507,1166.54914,2222.54,648.27299,2.5,0.1471,39.8
6/10/20,39.6,0.7296,1952.85543,3190.14,2501.32335,578.54342,1179.21726,2267.36,675.36259,2.5,0.1653,41.7
6/17/20,37.96,0.7397,1948.46595,3113.49,2518.39836,563.8361,1191.51157,2217.9,674.01408,2.5,0.1471,40.7
6/24/20,38.01,0.6806,1922.79355,3050.33,2513.87466,571.52464,1178.79662,2180.12,682.31651,2.5,0.1369,40.3
7/1/20,39.82,0.6774,1933.55104,3115.86,2478.59266,562.04465,1166.63871,2211.27,666.34828,2.5,0.1293,42.0
7/8/20,40.9,0.666,1971.27699,3169.94,2522.50479,567.19575,1173.93466,2252.64,694.32763,2.5,0.1348,43.3
7/15/20,41.2,0.6316,1977.77482,3226.56,2568.58237,557.63681,1149.22625,2298.78,665.03937,2.5,0.1268,43.8
7/22/20,41.9,0.6004,1980.45379,3276.02,2563.82409,562.2924,1160.41192,2327.76,654.13339,2.5,0.1116,44.3
7/29/20,41.27,0.5773,1988.64539,3258.44,2556.11733,558.33651,1171.99455,2319.71,663.56113,2.5,0.0963,43.8
8/5/20,42.19,0.551,1991.75065,3327.77,2545.24505,566.12851,1172.31609,2355.94,669.37205,1,0.0941,45.2
8/12/20,42.67,0.678,2038.65024,3380.35,2606.57572,575.90798,1186.9254,2391.8,683.94512,1,0.0938,45.4
8/19/20,42.93,0.6834,2093.81166,3374.85,2674.0545,611.70161,1225.33569,2394.47,700.53733,1,0.0938,45.4
8/26/20,43.39,0.69,2121.06119,3478.73,2693.58639,623.17724,1233.26572,2446.05,721.60705,1,0.0913,45.6
9/2/20,41.51,0.651,2136.57548,3580.84,2666.1875,615.19194,1237.9872,2494.1,707.0935,1.3,0.0991,44.4
9/9/20,38.05,0.7033,2154.08035,3398.96,2635.74763,619.02584,1227.59019,2393.75,692.58489,1.3,0.1014,40.8
9/16/20,40.16,0.7002,2215.79088,3385.49,2717.12857,626.49877,1226.60768,2403.5,703.33393,1.3,0.0938,42.2
9/23/20,39.93,0.6741,2198.14973,3236.92,2655.97558,622.23251,1222.49741,2305.57,697.09845,1.3,0.0887,41.8
9/30/20,40.22,0.6857,2212.498,3363,2712.93686,618.97087,1230.07487,2367.27,697.3595,1.4,0.0915,41.0
10/7/20,39.95,0.7885,2228.35702,3419.45,2695.36771,602.43126,1223.66676,2409.4,721.03658,1.4,0.0913,42.0
10/14/20,41.04,0.7272,2290.6769,3488.67,2715.61213,603.92322,1245.03185,2453.61,721.96488,1.4,0.0989,43.3
10/21/20,40.03,0.8259,2265.46419,3435.56,2709.72944,591.11898,1237.05336,2417.83,707.06516,1.4,0.0887,41.7
10/28/20,37.39,0.7743,2165.91564,3271.03,2664.02169,595.66022,1268.72938,2306.65,669.89769,1.4,0.0864,39.1
11/4/20,39.15,0.7662,2156.6496,3443.44,2639.60651,586.30003,1276.82848,2416.61,671.69035,1.2,0.0862,41.2
11/11/20,41.45,0.9803,2252.88221,3572.66,2741.12628,621.5682,1315.61421,2528.25,702.83302,1.2,0.0887,43.8
11/18/20,41.82,0.8717,2298.67751,3567.79,2769.85135,632.71168,1348.31473,2543.36,703.5492,1.2,0.071,44.3
11/25/20,45.71,0.8832,2316.63201,3629.65,2781.07692,657.01062,1358.32507,2589.67,706.76534,1.2,0.0788,48.6
12/2/20,45.28,0.9376,2317.87838,3669.01,2801.04043,658.75306,1351.73918,2613.91,703.7552,1.2,0.0761,48.3
12/9/20,45.52,0.9377,2308.46595,3672.82,2854.60244,691.43207,1382.24748,2627.53,702.47823,1.2,0.071,48.9
12/16/20,47.82,0.9196,2324.59418,3701.17,2833.9716,691.9437,1403.22089,2654.79,700.16702,1.2,0.0761,51.1
12/23/20,48.12,0.9463,2323.83884,3690.01,2846.65583,683.78121,1400.07052,2651.41,680.13083,1.2,0.0786,51.2
12/30/20,48.4,0.9264,2334.71389,3732.04,2845.28022,685.53499,1385.26845,2686.06,690.98608,1.2,0.071,51.3
1/6/21,50.63,1.0406,2311.28882,3748.14,2886.67394,709.4936,1396.35012,2699.51,697.4597,1.4,0.0811,54.3
1/13/21,52.91,1.0849,2376.19352,3809.84,2964.96862,740.893,1440.43724,2739.87,727.19088,1.4,0.0811,56.1
1/20/21,53.24,1.0819,2366.66311,3851.85,2956.6653,760.22597,1545.37218,2761.48,736.77959,1.4,0.0735,56.1
1/27/21,52.85,1.0195,2341.74509,3750.77,2909.65432,742.2679,1541.47509,2694.42,737.2991,1.4,0.0608,55.8
2/3/21,55.69,1.1409,2277.2846,3830.17,2862.74467,738.49986,1544.96923,2737.93,739.17336,1.4,0.0406,58.5
2/10/21,58.68,1.1242,2373.19843,3909.88,2877.82424,716.47155,1542.82521,2800.68,737.30115,1.4,0.038,61.5
2/17/21,61.14,1.2737,2422.03055,3931.33,2816.25596,706.36809,1534.50558,2815.98,730.20921,1.4,0.033,64.3
2/24/21,63.22,1.379,2430.54526,3925.43,2700.9118,682.76613,1532.68037,2802.4,729.25387,1.4,0.0304,67.0
3/3/21,61.28,1.4859,2481.88095,3819.72,2707.39892,705.14293,1551.73428,2741.68,727.19004,1.7,0.0355,64.1
3/10/21,64.44,1.5212,2558.17271,3898.81,2772.49933,693.55006,1526.5368,2775.34,714.21488,1.7,0.0304,67.9
3/17/21,64.6,1.648,2560.2613,3974.12,2761.70115,708.09692,1564.43561,2826.79,704.66856,1.7,0.0025,68.0
3/24/21,61.18,1.6119,2523.55278,3889.14,2760.30541,684.82167,1564.19249,2767.26,679.09388,1.7,0.0152,64.4
3/31/21,59.16,1.744,2641.87398,3972.89,2818.83469,694.318,1609.73646,2811.7,672.43788,2.6,0.0152,63.5
4/7/21,59.77,1.6757,2670.12398,4079.95,2825.93001,696.8037,1642.56466,2881.15,651.4481,2.6,0.0101,63.2
4/14/21,63.15,1.6341,2625.75192,4124.66,2854.74563,699.68146,1644.23087,2913.53,645.64887,2.6,0.0152,66.6
4/21/21,61.35,1.5573,2691.88065,4173.42,2928.91921,707.85461,1650.23441,2932.98,678.59607,2.6,0.0127,65.3
4/28/21,63.86,1.6111,2808.17556,4183.18,2948.9434,713.33515,1656.21672,2951.88,668.17585,2.6,0.0025,67.3
5/5/21,65.63,1.5695,2733.61508,4167.59,2941.12281,721.53008,1665.10863,2932.85,670.73978,4.2,0.0101,69.0
5/12/21,66.08,1.697,2752.49447,4063.04,2948.78273,734.01307,1690.5603,2876.79,686.53184,4.2,0.0051,69.3
5/19/21,63.36,1.6762,2765.93691,4115.68,2896.28171,738.14593,1774.73673,2910.94,688.99707,4.2,0.0025,66.7
5/26/21,66.21,1.5791,2792.26441,4195.99,2873.665,769.18595,1787.17942,2969.51,661.16439,4.2,0.0051,68.9
6/2/21,68.83,1.5892,2841.51291,4208.12,2924.14344,772.97577,1804.03975,2985.97,645.03681,5,0.0127,71.4
6/9/21,69.96,1.4941,2877.01373,4219.55,2888.47972,771.0128,1827.19875,2996.64,640.4329,5,0.0177,72.2
6/16/21,72.15,1.5805,2894.76561,4223.7,2910.17004,773.20447,1823.33079,3008.48,631.53491,5,0.0228,74.4
6/23/21,73.08,1.4886,2904.96507,4241.84,2906.11876,780.8086,1808.59461,2998,655.67903,5,0.0355,75.2
6/30/21,73.47,1.4697,2928.63808,4297.5,2901.12469,765.19466,1860.99374,3017.23,654.12117,5.4,0.0406,75.1
7/7/21,72.2,1.3179,2921.57882,4358.13,2936.72432,757.44078,1897.53417,3049.66,655.79655,5.4,0.0456,73.4
7/14/21,73.13,1.3492,2873.53898,4374.3,2936.23161,750.19058,1927.44405,3058.59,675.33425,5.4,0.0431,74.8
7/21/21,70.3,1.2917,2877.84532,4358.69,2888.93991,747.07596,1923.5309,3036.72,678.64041,5.4,0.0431,72.2
7/28/21,72.39,1.236,2915.1949,4400.64,2883.63269,749.16962,1972.17043,3069.49,685.9769,5.4,0.0456,74.7
8/4/21,68.15,1.1854,2976.55529,4402.66,2930.74764,765.91342,2016.08767,3085.83,682.83623,5.4,0.0456,70.4
8/11/21,69.25,1.3337,3019.62405,4447.7,2943.30511,766.30275,2067.61476,3109.97,693.35975,5.4,0.0507,71.4
8/18/21,65.46,1.2617,3025.07533,4400.27,2970.72268,779.20229,2094.90716,3078.01,694.78337,5.4,0.0532,68.2
8/25/21,68.36,1.3441,2974.62539,4496.19,3013.5724,790.26681,2086.89055,3125.83,704.70486,5.4,0.0456,72.3
9/1/21,68.59,1.297,3015.7419,4524.09,3007.05149,794.0648,2082.57827,3151.66,718.40958,5.3,0.0355,71.6
9/8/21,69.3,1.341,3054.3513,4514.07,3001.68564,791.35039,2115.72066,3146.96,708.04858,5.3,0.038,72.6
9/15/21,72.61,1.3022,3042.52233,4480.7,3013.18508,785.54043,2130.05064,3127.71,709.0664,5.3,0.033,75.5
9/22/21,72.23,1.3057,3004.76419,4395.64,3037.78503,774.25265,2118.65886,3074.35,674.32415,5.3,0.0253,76.2
9/29/21,74.83,1.5201,3034.91162,4359.46,3110.51701,769.54261,2104.71712,3028.75,661.37582,5.3,0.0304,78.6
10/6/21,77.43,1.5224,3085.50555,4363.55,3162.6485,749.11516,2084.0814,3015.95,671.03926,5.4,0.0406,81.1
10/13/21,80.44,1.5385,3099.16822,4363.8,3166.1337,759.42554,2119.87122,3039.01,692.85773,5.4,0.0406,83.2
10/20/21,83.87,1.6585,3173.65362,4536.19,3236.80863,777.9254,2144.37299,3147.7,709.1439,5.4,0.0431,85.8
10/27/21,82.66,1.5448,3147.90456,4551.68,3184.91591,779.81159,2138.28365,3152.05,723.36444,5.4,0.0482,84.6
11/3/21,80.86,1.6069,3115.01306,4660.57,3250.61944,846.54506,2168.90716,3212.35,742.87458,6.2,0.0406,82.0
11/10/21,81.34,1.5545,3161.49683,4646.71,3285.14153,845.91467,2240.86635,3201.57,730.51618,6.2,0.0431,82.6
11/17/21,78.36,1.5906,3154.68529,4688.67,3265.38703,888.0098,2269.99347,3221.03,728.26177,6.2,0.0406,80.3
11/24/21,78.39,1.6393,3030.62242,4701.46,3212.53678,859.49794,2286.56076,3198.12,722.38491,6.2,0.0532,82.3
12/1/21,65.57,1.407,2892.01162,4513.04,3146.94089,836.62129,2326.85026,3087.98,726.97643,6.8,0.0406,68.9
12/8/21,72.36,1.5247,2930.13089,4701.21,3163.52316,870.38388,2437.77702,3196.39,728.64333,6.8,0.0583,75.8
12/15/21,70.87,1.4616,2969.90485,4709.85,3168.34127,886.15845,2401.06779,3175.11,738.38461,6.8,0.038,73.9
12/22/21,72.76,1.4549,2983.86951,4696.56,3183.57766,851.15437,2286.65723,3183.62,738.6872,6.8,0.0583,75.3
12/29/21,76.56,1.5548,2983.75959,4793.06,3177.50782,864.16825,2300.71522,3243.95,757.43177,6.8,0.038,79.2
1/5/22,77.85,1.7087,3050.08788,4700.58,3243.68657,878.10781,2288.78111,3203.03,766.48168,7,0.0837,80.8
1/12/22,82.64,1.7464,3186.09076,4726.35,3314.68047,873.43861,2279.15873,3214.19,767.37083,7,0.1141,84.7
1/19/22,86.96,1.8682,3268.4964,4532.76,3445.98907,862.68173,2344.92513,3098.6,745.57113,7,0.1648,88.4
1/26/22,87.35,1.8691,3247.37039,4349.93,3407.59255,863.82249,2373.59924,2979.7,730.66879,7,0.1851,90.0
2/2/22,88.26,1.7787,3249.71614,4589.38,3448.92104,864.2336,2378.14593,3113.84,743.95322,7.5,0.1851,89.5
2/9/22,89.66,1.9433,3253.05704,4587.18,3507.25133,883.62646,2407.25565,3124.93,736.93679,7.5,0.2689,91.6
2/16/22,93.66,2.0417,3329.92751,4475.01,3489.21434,905.4397,2505.36619,3060.29,736.2474,7.5,0.3653,94.8
2/23/22,92.1,1.993,3339.09857,4225.5,3490.07391,908.19221,2477.61503,2909.33,719.14068,7.5,0.345,96.8
3/2/22,110.6,1.8819,3372.86442,4386.54,3676.49522,944.10836,2635.46692,2964.24,712.05867,7.9,0.3247,112.9
3/9/22,108.7,1.9566,3395.50858,4277.88,3731.58558,921.68255,2592.63273,2881.78,661.68589,7.9,0.3577,111.1
3/16/22,95.04,2.1902,3373.19563,4357.86,3636.78214,918.18677,2611.17615,2936.33,681.00048,7.9,0.3831,98.0
3/23/22,114.93,2.2971,3451.03978,4456.24,3708.03016,915.11026,2647.30466,3012.79,639.47585,7.9,0.4441,121.6
3/30/22,107.82,2.3542,3475.56112,4602.45,3712.7208,960.35666,2680.6398,3096.67,615.23021,7.9,0.5178,113.5
4/6/22,96.23,2.6031,3534.16871,4481.15,3801.10122,952.84236,2740.96651,3012.24,619.50453,8.5,0.6601,101.1
4/13/22,104.25,2.7044,3610.5461,4446.59,3882.47299,975.28451,2747.83828,2985.07,589.14844,8.5,0.7364,108.8
4/20/22,102.75,2.8378,3644.3609,4459.45,3834.2224,993.31609,2719.33842,2994.64,564.72509,8.5,0.8077,106.8
4/27/22,102.02,2.8357,3637.30906,4183.96,3721.50082,1003.99946,2729.4446,2807.51,579.35385,8.5,0.8153,105.3
5/4/22,107.81,2.9402,3661.09615,4300.17,3716.89047,1012.69534,2744.71821,2864.43,597.57674,8.3,0.8509,110.1
5/11/22,105.71,2.9324,3566.51827,3935.18,3686.22794,960.66703,2666.63763,2652.59,590.45829,8.3,0.8866,107.5
5/18/22,109.59,2.8895,3389.05979,3923.68,3557.46448,935.82902,2697.45984,2665.06,573.17304,8.3,0.9986,109.1
5/25/22,110.33,2.7488,3356.14236,3978.73,3509.91675,887.02423,2602.57827,2700.09,550.76239,8.3,1.0394,114.0
6/1/22,115.26,2.9113,3403.4844,4101.23,3503.45345,927.65859,2694.10291,2770.43,541.26772,8.6,1.1158,116.3
6/8/22,122.11,3.0252,3357.93879,4115.77,3539.39121,924.51674,2643.60196,2783.29,547.71386,8.6,1.2357,123.6
6/15/22,115.31,3.2915,3192.65172,3789.99,3445.17053,908.19221,2609.40103,2556.67,531.25856,8.6,1.5879,118.5
6/22/22,106.19,3.1636,3016.46281,3759.89,3250.28711,881.01824,2532.49932,2537.26,513.00538,8.6,1.5266,111.7
6/29/22,109.78,3.0947,3125.50039,3818.83,3336.61622,883.67864,2561.32967,2574.45,490.68479,8.6,1.6748,116.3
7/6/22,98.53,2.9354,3041.00474,3845.08,3282.74905,833.59652,2518.67955,2561.2,459.06684,9.1,1.8359,100.7
7/13/22,96.3,2.9373,3006.75136,3801.78,3230.45263,847.48707,2494.07024,2544.68,464.07542,9.1,2.3148,99.6
7/20/22,102.26,3.0284,3156.75287,3959.9,3404.63815,874.39695,2558.88102,2643.93,480.80874,9.1,2.4405,106.9
7/27/22,97.26,2.7904,3208.52435,4023.61,3559.08733,887.70215,2606.91805,2675.09,490.31659,9.1,2.3687,106.6
8/3/22,90.66,2.7064,3269.5651,4155.17,3634.59408,909.01171,2680.66703,2755.25,499.95702,8.5,2.4328,96.8
8/10/22,91.93,2.7882,3306.32464,4210.24,3693.43731,924.10564,2776.55595,2803.37,519.98769,8.5,2.5688,97.4
8/17/22,88.11,2.9022,3368.51161,4274.04,3798.39533,941.39668,2791.08358,2822.87,525.6207,8.5,2.6073,93.7
8/24/22,94.89,3.1095,3310.74602,4140.77,3705.29859,931.57909,2723.12823,2736.01,526.31184,8.5,2.736,101.2
8/31/22,89.55,3.1964,3268.05992,3955,3645.78411,937.41084,2688.40457,2627.32,520.08375,8.3,2.9003,96.5
9/7/22,81.94,3.2673,3156.77984,3979.87,3519.44309,920.85761,2645.62483,2614.1,531.08128,8.3,2.98,88.0
9/14/22,88.48,3.4062,3163.5244,3946.01,3550.27431,934.12469,2714.06207,2617.84,526.00078,8.3,3.1653,94.1
9/21/22,82.94,3.5338,3046.46075,3789.93,3471.63265,942.15083,2748.1541,2516.59,511.1147,8.3,3.2271,89.8
9/28/22,82.15,3.7352,2966.74192,3719.04,3409.03979,910.2287,2661.70705,2438.78,496.82717,8.3,3.2786,89.3
10/5/22,87.76,3.7589,3131.40364,3783.28,3528.81839,912.98666,2694.48407,2500.07,509.1746,8.2,3.3508,93.4
10/12/22,87.27,3.8982,3073.30921,3577.03,3491.03233,905.27906,2650.01361,2367.69,497.90639,8.2,3.6009,92.5
10/19/22,85.55,4.1377,3139.16538,3695.16,3435.90224,922.61094,2740.7841,2439.3,515.84091,8.2,3.9599,92.4
10/26/22,87.91,4.0069,3139.05606,3830.6,3312.78426,910.96379,2746.62946,2535.68,535.38018,8.2,4.0013,95.7
11/2/22,90,4.1068,3067.46389,3759.69,3371.51112,911.85952,2840.52001,2499.79,466.7587,7.7,4.1229,96.2
11/9/22,85.83,4.0986,3034.06655,3748.57,3447.83283,921.63413,2890.9227,2509.77,482.47001,7.7,4.1875,92.7
11/16/22,85.59,3.6936,2966.86,3958.79,3351.32379,910.51184,2853.87422,2657.58,504.01045,7.7,4.2082,92.9
11/23/22,77.94,3.6982,2917.3411,4027.26,3241.60763,905.58399,2866.52056,2697.39,513.24614,7.7,4.2207,85.4
11/30/22,80.55,3.6091,2899.19385,4080.11,3243.39951,904.97141,2872.95671,2720.89,540.03046,7.1,4.3196,85.4
12/7/22,72.01,3.4205,2708.1656,3933.92,3123.45232,909.03349,2814.14103,2654.34,599.96551,7.1,4.2626,77.2
12/14/22,77.28,3.4828,2725.34638,3995.32,3018.80177,901.52485,2738.26821,2705.31,622.19183,7.1,4.3014,82.7
12/21/22,78.29,3.6657,2733.30142,3878.44,3010.09963,909.38028,2815.33246,2626.92,587.84927,7.1,4.273,82.2
12/28/22,78.96,3.8865,2788.86347,3783.22,2954.31832,910.50181,2802.58938,2575.16,588.9472,7.1,4.4361,83.3
1/4/23,72.84,3.6883,2801.63333,3852.97,2967.20109,906.45521,2798.60877,2624.35,588.1704,6.5,4.4828,77.8
1/11/23,77.41,3.5447,2826.80777,3969.61,3090.15513,897.8165,2761.02369,2700.75,522.91792,6.5,4.6565,82.7
1/18/23,79.48,3.3753,2839.50367,3928.86,2896.85858,911.89763,2788.0942,2713.54,539.26837,6.5,4.6383,85.0
1/25/23,80.15,3.4471,2879.13859,4016.22,3054.71264,913.86333,2770.6752,2756.73,561.68266,6.5,4.6643,86.1
2/1/23,76.41,3.424,2873.66892,4119.21,2962.10642,911.49469,2680.20692,2809.94,543.32589,6.4,4.6383,82.8
2/8/23,78.47,3.6191,2800.49039,4117.86,2880.5266,930.30493,2724.63109,2801.96,557.65489,6.4,4.6902,85.1
2/15/23,78.59,3.8106,2818.27753,4147.6,2864.79974,943.0275,2719.87476,2815.45,573.65626,6.4,4.7499,85.4
2/22/23,73.95,3.9214,2737.93756,3991.05,2921.71388,932.93855,2692.12611,2730.88,547.8019,6.4,4.8174,80.6
3/1/23,77.69,3.9984,2715.83575,3951.39,2894.56507,938.50908,2682.87457,2706.79,558.94348,6,4.8485,84.3
3/8/23,76.66,3.9972,2772.9503,3992.01,2941.81122,933.1146,2707.56936,2725.23,528.2974,6,4.9758,82.7
3/15/23,67.61,3.4604,2675.39072,3891.93,2763.31421,901.33417,2593.52248,2638.46,476.53452,6,4.6098,73.7
3/22/23,70.9,3.4397,2755.50675,3936.97,2719.3515,923.84272,2615.21348,2686.13,493.63172,6,4.6591,76.7
3/29/23,72.97,3.5696,2797.04402,4027.81,2784.82345,925.9823,2574.76106,2739.42,530.24914,6,4.7239,78.3
4/5/23,80.61,3.3145,2911.0036,4090.38,2820.75425,933.86794,2585.42682,2784.05,550.8044,5,4.8174,85.0
4/12/23,83.26,3.3962,2915.48203,4091.95,2788.16087,952.13354,2600.23146,2795.48,541.96989,5,4.9446,87.3
4/19/23,79.16,3.5947,2976.31705,4154.52,2717.96126,945.20996,2623.43554,2833.39,566.79243,5,5.0901,83.1
4/26/23,74.3,3.4523,3014.29409,4055.99,2755.83037,950.34994,2634.9936,2779.71,563.90437,5,5.1083,77.7
5/3/23,68.6,3.3449,2952.29424,4090.75,2872.6274,974.28517,2626.47732,2796.31,558.81325,4.9,5.1811,72.3
5/10/23,72.56,3.4445,3011.0329,4137.64,2939.44384,973.00999,2648.07331,2822.6,566.13768,4.9,5.1967,76.4
5/17/23,72.83,3.5698,3007.11943,4158.77,2930.53224,971.11032,2594.28906,2820.92,545.00953,4.9,5.2176,77.0
5/24/23,74.34,3.7477,2996.17887,4115.24,2886.4893,961.29129,2577.21591,2788.82,553.04244,4.9,5.3268,78.4
5/31/23,68.09,3.6502,2936.55318,4179.83,2785.19199,973.76259,2561.00463,2800.56,566.36928,4,5.3884,72.7
6/7/23,72.53,3.8011,3032.43121,4267.52,2824.38074,1003.98312,2553.07106,2866.59,560.43969,4,5.2722,77.0
6/14/23,68.27,3.792,3074.90069,4372.59,2821.97971,1012.02592,2557.25993,2939.59,578.46823,4,5.2162,73.2
6/21/23,72.53,3.7247,3056.42276,4365.69,2810.93578,1029.7106,2583.77665,2927.72,573.12544,4,5.2762,77.1
6/28/23,69.56,3.7117,3054.83192,4376.86,2764.10228,1032.39586,2600.16335,2924.92,571.7829,4,5.3205,74.0
7/5/23,71.79,3.9355,3090.25593,4446.82,2818.80471,1068.44814,2618.78846,2960.76,562.49753,3,5.3398,76.7
7/12/23,75.75,3.8633,3125.91694,4472.16,2776.78508,1085.50776,2619.5535,2987.19,554.43797,3,5.378,80.1
7/19/23,75.35,3.7522,3133.0321,4565.72,2848.10648,1085.66606,2631.42033,3047.99,570.76384,3,5.4015,79.5
7/26/23,78.78,3.8727,3174.03695,4566.75,2953.35254,1099.77675,2658.73673,3044.7,562.97965,3,5.3962,82.9
8/2/23,79.49,4.0856,3059.16154,4513.39,3013.26749,1111.81868,2675.22733,3000.54,564.80196,3.2,5.3763,83.2
8/9/23,84.4,4.0182,3008.05171,4467.71,2940.84797,1108.20288,2709.75198,2976.31,574.91011,3.2,5.4328,87.6
8/16/23,79.38,4.2543,3037.74531,4404.33,2925.12961,1101.45385,2662.88865,2925.63,584.54882,3.2,5.4432,83.5
8/23/23,78.89,4.1977,3030.16821,4436.01,2834.67215,1116.11489,2648.81568,2937.7,586.68069,3.2,5.4362,83.2
8/30/23,81.63,4.1178,3085.6126,4514.87,2839.14964,1107.31827,2652.93221,2991.52,608.97009,3.2,5.4466,85.9
9/6/23,87.54,4.2836,3012.20006,4465.48,2781.08494,1099.33842,2617.52246,2955.82,622.26955,3.7,5.4537,90.6
9/13/23,88.52,4.2544,2965.1373,4467.44,2843.64459,1102.81514,2655.89436,2956.84,626.67944,3.7,5.4484,91.9
9/20/23,90.28,4.411,2948.78972,4402.2,2823.54635,1126.76977,2674.40645,2936.36,640.7783,3.7,5.4589,93.5
9/27/23,93.68,4.6095,2952.98446,4274.51,2814.72798,1127.72121,2671.38307,2840.82,653.00766,3.7,5.47,96.6
10/4/23,84.22,4.735,2890.19916,4263.75,2794.12507,1141.41142,2674.68213,2810.86,645.12423,3.7,5.4955,85.8
10/11/23,83.49,4.5603,2818.63503,4376.95,2747.94517,1111.41846,2626.6703,2899.5,635.55193,3.7,5.4928,85.8
10/18/23,88.32,4.917,2856.32098,4314.6,2729.25565,1057.19031,2582.08004,2851.89,715.16939,3.7,5.4902,91.5
10/25/23,85.39,4.9592,2800.22392,4186.77,2598.59375,1045.77185,2538.76395,2772.11,748.65558,3.7,5.4596,90.1
11/1/23,80.44,4.7362,2882.7407,4237.86,2626.99849,1059.77403,2567.19848,2797.49,725.98291,3.2,5.4511,84.6
11/8/23,75.33,4.4945,2913.40371,4382.78,2751.86962,1079.55622,2598.8783,2888.41,776.29171,3.2,5.4223,79.5
11/15/23,76.66,4.5333,2939.2022,4502.88,2791.41643,1078.37676,2604.41613,2975.19,780.57456,3.2,5.4067,81.2
11/22/23,77.1,4.4081,2959.28444,4556.62,2805.40615,1088.32707,2595.65158,3004.76,810.10758,3.2,5.4093,82.0
11/29/23,77.86,4.2571,2959.39282,4550.58,2740.48546,1089.12126,2601.48953,3013.93,799.96511,3.2,5.3962,83.1
12/6/23,69.38,4.1059,2978.94428,4549.34,2706.53873,1080.86978,2581.85012,3020.98,798.17093,3.1,5.3936,74.3
12/13/23,69.47,4.0183,3039.66248,4707.09,2671.0846,1072.67999,2569.64655,3101.08,801.75017,3.1,5.3649,74.3
12/20/23,74.22,3.8492,3120.02453,4698.35,2799.97256,1093.00515,2581.77363,3121.79,803.80453,3.1,5.3806,79.7
12/27/23,74.11,3.7963,3170.23971,4781.58,2888.42293,1099.5208,2593.69963,3175.65,790.57458,3.1,5.3884,79.7
1/3/24,72.7,3.9199,3180.69806,4704.81,2849.80929,1110.24042,2645.33177,3115.68,821.55072,3.4,5.3884,78.3
1/10/24,71.37,4.0302,3236.24777,4783.45,2864.90756,1124.48813,2667.37911,3161.5,824.20668,3.4,5.3727,76.8
1/17/24,72.56,4.1057,3216.37115,4739.21,2853.12414,1113.73574,2647.57004,3120.44,865.85382,3.4,5.3675,77.9
1/24/24,75.09,4.1781,3246.27487,4868.55,2845.21641,1138.43452,2628.73673,3203.55,895.35432,3.4,5.3623,80.0
1/31/24,75.85,3.9143,3145.68412,4845.65,2768.7157,1135.09216,2588.77726,3205.32,915.32845,3.1,5.3597,81.7
2/7/24,73.86,4.123,3243.98848,4995.06,2739.65172,1133.11734,2546.87993,3265.07,903.20164,3.1,5.378,79.2
2/14/24,76.64,4.2593,3316.65156,5000.62,2800.94899,1149.90335,2557.93242,3265.67,934.32358,3.1,5.378,81.6
2/21/24,77.91,4.3206,3369.06482,4981.8,2842.12503,1158.45086,2556.24558,3272.19,947.91677,3.1,5.3884,83.0
2/28/24,78.54,4.2658,3362.68665,5069.76,2875.54154,1168.08603,2527.44351,3322.64,933.35337,3.1,5.391,83.7
3/6/24,79.13,4.1059,3349.39341,5104.76,2825.35922,1156.62946,2511.63626,3357.03,600.89519,3.2,5.3858,83.0
3/13/24,79.72,4.1918,3392.38768,5165.31,2794.27827,1159.63952,2516.7606,3396.19,640.12797,3.2,5.3936,84.0
3/20/24,81.68,4.2748,3396.88292,5224.62,2797.5379,1168.48282,2523.95033,3414.89,609.63604,3.2,5.3806,86.0
3/27/24,81.35,4.1923,3361.50052,5248.49,2730.46614,1152.35411,2525.16407,3436.98,597.36645,3.2,5.3675,86.1
4/3/24,85.43,4.3492,3365.11771,5211.49,2658.01772,1154.5405,2507.68686,3409.62,590.06755,3.5,5.3605,89.4
4/10/24,86.21,4.5456,3387.29905,5160.64,2721.70694,1155.65691,2515.25119,3379.73,599.4656,3.5,5.3962,90.5
4/17/24,82.69,4.5894,3323.2865,5022.21,2701.74116,1136.26413,2495.62696,3281.11,611.74068,3.5,5.4015,87.3
4/24/24,82.81,4.6438,3294.32357,5071.63,2650.87349,1134.6157,2462.63988,3323.29,541.08155,3.5,5.4093,88.0
5/1/24,79,4.6303,3291.55891,5018.39,2662.8881,1125.35326,2459.10861,3294.01,527.85431,3.4,5.4067,83.4
5/8/24,78.99,4.4958,3322.16445,5187.67,2639.3198,1141.66894,2498.57337,3395.64,546.57039,3.4,5.3858,83.6
5/15/24,78.63,4.3419,3227.17577,5308.15,2641.16308,1114.41601,2456.15573,3472.26,540.66346,3.4,5.3962,82.8
5/22/24,77.57,4.4257,3241.26963,5307.01,2663.36351,1104.78356,2442.95943,3465.55,581.92466,3.4,5.4067,81.9
5/29/24,79.23,4.6157,3118.40407,5266.95,2545.69273,1078.08331,2371.61993,3430.01,572.63939,3.4,5.4067,83.6
6/5/24,74.07,4.2774,3080.34981,5354.03,2603.25288,1083.67002,2436.18023,3483.4,559.57233,3.3,5.3962,78.4
6/12/24,78.5,4.318,3105.90697,5421.03,2645.96626,1083.35965,2431.26055,3516.3,547.97895,3.3,5.3841,82.6
6/19/24,81.57,4.2246,3064.91018,5487.03,2657.28315,1085.82085,2441.99292,3523.66,553.74567,3.3,5.3789,85.1
6/26/24,80.9,4.3313,3106.95152,5477.9,2707.34778,1090.68064,2441.00463,3520.21,572.38814,3.3,5.3737,85.3
7/3/24,83.88,4.3606,3090.73462,5537.02,2756.9313,1110.59352,2475.85897,3562.23,584.96418,3,5.3824,87.3
7/10/24,82.1,4.2861,3141.83752,5633.91,2787.05431,1110.83826,2487.93934,3613.62,589.27399,3,5.3685,85.1
7/17/24,82.85,4.1595,3241.25143,5588.27,2783.58103,1124.95508,2496.16934,3607.74,587.9682,3,5.3346,85.1
7/24/24,77.59,4.2857,3225.52709,5427.13,2780.04936,1151.27961,2522.03648,3515.97,601.78339,3,5.3112,81.7
7/31/24,77.91,4.0334,3227.57003,5522.3,2784.67804,1162.00653,2542.59733,3571.58,605.01785,2.9,5.284,80.7
8/7/24,75.23,3.945,3125.25578,5199.5,2763.4955,1142.84509,2499.24857,3372.32,580.99284,2.9,5.2202,78.3
8/14/24,76.98,3.839,3157.38076,5455.21,2771.49594,1147.13313,2511.737,3522.42,602.14611,2.9,5.2019,79.8
8/21/24,71.93,3.8029,3247.73224,5620.85,2771.36362,1169.34847,2545.02165,3630.66,613.13218,2.9,5.1447,76.1
8/28/24,74.52,3.8368,3228.91518,5592.18,2781.06722,1177.32582,2529.04517,3631.2,631.07171,2.9,5.1048,78.7
9/4/24,69.2,3.7571,3230.81062,5520.07,2830.95343,1188.33651,2550.15246,3580.06,639.46096,2.5,5.0771,72.7
9/11/24,67.31,3.6553,3135.36559,5554.13,2811.09282,1183.34332,2538.17588,3578.65,630.22777,2.5,5.0018,70.6
9/18/24,70.91,3.7056,3176.46087,5618.26,2854.59184,1195.26273,2565.36619,3629.69,625.2078,2.5,4.7499,73.7
9/25/24,69.69,3.7868,3289.81637,5722.26,2891.74118,1222.07732,2590.88211,3695.89,643.75376,2.5,4.6146,73.5
10/2/24,70.1,3.7847,3208.92814,5709.54,2898.64483,1208.86172,2533.84607,3685.92,647.80545,2.4,4.5891,73.9
10/9/24,73.24,4.0745,3176.38615,5792.04,2882.71161,1203.97757,2527.15962,3716.17,642.75394,2.4,4.6513,76.6
10/16/24,70.39,4.0161,3205.18371,5842.47,2945.07023,1221.15437,2533.49306,3735.29,628.64767,2.4,4.6202,74.2
10/23/24,70.77,4.2476,3169.15724,5797.42,2857.1021,1215.40702,2506.08494,3697.6,623.76791,2.4,4.6302,75.0
10/30/24,68.61,4.3024,3199.98136,5813.67,2869.98546,1253.61285,2539.48816,3706.29,623.37615,2.4,4.5761,72.6
11/6/24,71.69,4.4354,3218.7134,5929.04,2899.45679,1256.81459,2566.00327,3752.15,630.54113,2.6,4.532,74.9
11/13/24,68.43,4.4531,3175.10313,5985.38,2858.17264,1288.5407,2551.45658,3767.05,637.32011,2.6,4.4957,72.3
11/20/24,68.87,4.4139,3161.06968,5917.11,2862.35775,1296.12578,2560.62891,3732.77,614.79443,2.6,4.5314,72.8
11/27/24,68.72,4.2653,3085.77552,5998.74,2842.25758,1308.21399,2527.99891,3786.04,600.83101,2.6,4.4926,72.8
12/4/24,68.54,4.182,3163.50233,6086.49,2835.71252,1321.43752,2522.4966,3849.72,619.00442,2.7,4.4543,72.3
12/11/24,70.29,4.273,3232.71513,6084.19,2883.08967,1305.55949,2523.97223,3842.39,607.0226,2.7,4.3584,73.5
12/18/24,70.58,4.518,3183.33156,5872.16,2869.41754,1371.37762,2530.12524,3720.41,599.87315,2.7,4.3377,73.4
12/25/24,#N/A N/A,4.5907,3167.48435,6040.04,2871.25652,1384.06752,2563.28886,3778.53,590.46247,2.7,4.3066,73.6
1/1/25,71.72,4.575,3214.61538,5881.63,2900.24143,1404.48407,2564.38878,3707.88,584.96086,2.9,4.3144,74.6
1/8/25,73.32,4.6933,3220.22909,5918.25,2868.26411,1418.27661,2577.13041,3732.2,588.66016,2.9,4.3066,76.2
1/15/25,80.04,4.6551,3254.08084,5949.91,2860.73515,1429.58345,2590.03812,3744.47,582.79126,2.9,4.3014,82.0
1/22/25,75.44,4.613,3295.58275,6086.37,2912.85624,1424.13014,2595.72829,3838.19,595.89895,2.9,4.317,79.0
1/29/25,72.62,4.5324,3316.31032,6039.31,2929.55537,1396.5015,2605.09937,3828.45,595.18482,2.9,4.2885,76.6
2/5/25,71.03,4.4201,3309.80058,6061.48,2924.01229,1420.89028,2609.54261,3848.65,590.96038,3,4.3144,74.6
2/12/25,71.37,4.629,3302.23692,6051.97,2906.22926,1444.09747,2629.73047,3848.18,585.98646,3,4.3273,75.2
2/19/25,72.25,4.5346,3284.1652,6144.15,2920.58872,1467.09502,2611.75334,3906.82,609.85437,3,4.3196,76.0
2/26/25,68.62,4.2581,3261.60512,5956.06,2880.27272,1457.19342,2625.49826,3821.04,605.51332,3,4.2963,72.5
3/5/25,66.31,4.2823,3172.43715,5842.63,2878.7286,1446.66322,2602.05843,3777.64,609.29599,2.8,4.304,69.3
3/12/25,67.68,4.3143,3120.81534,5599.3,2863.40219,1404.13853,2563.64354,3643.01,612.35618,2.8,4.2988,71.0
3/19/25,67.16,4.2447,3121.84867,5675.29,2848.79708,1393.16907,2569.48271,3701.86,619.00894,2.8,4.2942,70.8
3/26/25,69.65,4.3538,3190.68931,5712.2,2793.99276,1392.98141,2551.99151,3709.19,628.09752,2.8,4.2937,73.8
4/2/25,71.71,4.1345,3205.73965,5670.97,2807.31667,1391.84318,2541.33406,3668.53,633.33821,2.4,4.2988,75.0
4/9/25,62.35,4.3412,2954.93037,5456.9,2716.76816,1332.12088,2468.21672,3464.76,582.00933,2.4,4.3196,65.5
4/16/25,62.47,4.2806,3100.61029,5275.7,2797.91221,1375.8263,2521.23877,3468.47,607.10471,2.4,4.3066,65.9
4/23/25,62.27,4.387,3114.13223,5375.86,2808.22681,1417.15172,2538.49065,3537.97,621.03455,2.4,4.3118,66.1
4/30/25,58.21,4.1639,3111.59158,5569.06,2869.80904,1444.90879,2595.78818,3655.52,632.02271,2.3,4.2859,63.1
5/7/25,58.07,4.2732,3038.77263,5631.28,2874.55628,1453.17724,2616.65941,3697.54,628.76191,2.3,4.3196,61.1
5/14/25,63.15,4.5403,3074.38017,5892.58,2906.07906,1459.22134,2619.45276,3830.71,631.67185,2.3,4.3843,66.1
5/21/25,61.57,4.6025,3013.67175,5844.61,2955.29889,1480.68828,2631.83588,3829.82,638.65495,2.3,4.3377,64.9
5/28/25,61.84,4.4833,2946.6169,5888.55,2891.62917,1504.63926,2652.72257,3845.7,652.68565,2.3,4.3273,64.9
6/4/25,62.85,4.3571,2934.07188,5970.81,2896.58446,1507.23679,2650.49144,3903.91,657.91543,2.3,4.3377,64.9
6/11/25,65.66,4.45,2934.07188,6005.88,2934.57137,1524.53109,2667.14592,3919.17,664.81443,2.3,4.346,67.4
,,,,,,,,,,,,
,,,,,,,,,,,,
,,,,,,,,,,,,
,,,,,,,,,,,,
,,,,,,,,,,,,
,,,,,,,,,,,,
,,,,,,,,,,,,
,,,,,,,,,,,,
,,,,,,,,,,,,
,,,,,,,,,,,,
,,,,,,,,,,,,
,,,,,,,,,,,,
,,,,,,,,,,,,
,,,,,,,,,,,,
,,,,,,,,,,,,
,,,,,,,,,,,,
,,,,,,,,,,,,
,,,,,,,,,,,,
,,,,,,,,,,,,
,,,,,,,,,,,,
,,,,,,,,,,,,
,,,,,,,,,,,,
,,,,,,,,,,,,
,,,,,,,,,,,,
,,,,,,,,,,,,
,,,,,,,,,,,,
,,,,,,,,,,,,
,,,,,,,,,,,,
,,,,,,,,,,,,
,,,,,,,,,,,,
,,,,,,,,,,,,
,,,,,,,,,,,,
,,,,,,,,,,,,
,,,,,,,,,,,,
,,,,,,,,,,,,
,,,,,,,,,,,,
,,,,,,,,,,,,
,,,,,,,,,,,,
,,,,,,,,,,,,
,,,,,,,,,,,,
,,,,,,,,,,,,
,,,,,,,,,,,,
,,,,,,,,,,,,
,,,,,,,,,,,,
,,,,,,,,,,,,
,,,,,,,,,,,,
11/26/20,,,,,,,,,,,,
11/27/20,,,,,,,,,,,,
11/28/20,,,,,,,,,,,,
11/29/20,,,,,,,,,,,,
11/30/20,,,,,,,,,,,,
12/1/20,,,,,,,,,,,,
12/2/20,,,,,,,,,,,,
12/3/20,,,,,,,,,,,,
12/4/20,,,,,,,,,,,,
12/5/20,,,,,,,,,,,,
12/6/20,,,,,,,,,,,,
12/7/20,,,,,,,,,,,,
12/8/20,,,,,,,,,,,,
12/9/20,,,,,,,,,,,,
12/10/20,,,,,,,,,,,,
12/11/20,,,,,,,,,,,,
12/12/20,,,,,,,,,,,,
12/13/20,,,,,,,,,,,,
12/14/20,,,,,,,,,,,,
12/15/20,,,,,,,,,,,,
12/16/20,,,,,,,,,,,,
12/17/20,,,,,,,,,,,,
12/18/20,,,,,,,,,,,,
12/19/20,,,,,,,,,,,,
12/20/20,,,,,,,,,,,,
12/21/20,,,,,,,,,,,,
12/22/20,,,,,,,,,,,,
12/23/20,,,,,,,,,,,,
12/24/20,,,,,,,,,,,,
12/25/20,,,,,,,,,,,,
12/26/20,,,,,,,,,,,,
12/27/20,,,,,,,,,,,,
12/28/20,,,,,,,,,,,,
12/29/20,,,,,,,,,,,,
12/30/20,,,,,,,,,,,,
12/31/20,,,,,,,,,,,,
1/1/21,,,,,,,,,,,,
1/2/21,,,,,,,,,,,,
1/3/21,,,,,,,,,,,,
1/4/21,,,,,,,,,,,,
1/5/21,,,,,,,,,,,,
1/6/21,,,,,,,,,,,,
1/7/21,,,,,,,,,,,,
1/8/21,,,,,,,,,,,,
1/9/21,,,,,,,,,,,,
1/10/21,,,,,,,,,,,,
1/11/21,,,,,,,,,,,,
1/12/21,,,,,,,,,,,,
1/13/21,,,,,,,,,,,,
1/14/21,,,,,,,,,,,,
1/15/21,,,,,,,,,,,,
1/16/21,,,,,,,,,,,,
1/17/21,,,,,,,,,,,,
1/18/21,,,,,,,,,,,,
1/19/21,,,,,,,,,,,,
1/20/21,,,,,,,,,,,,
1/21/21,,,,,,,,,,,,
1/22/21,,,,,,,,,,,,
1/23/21,,,,,,,,,,,,
1/24/21,,,,,,,,,,,,
1/25/21,,,,,,,,,,,,
1/26/21,,,,,,,,,,,,
1/27/21,,,,,,,,,,,,
1/28/21,,,,,,,,,,,,
1/29/21,,,,,,,,,,,,
1/30/21,,,,,,,,,,,,
1/31/21,,,,,,,,,,,,
2/1/21,,,,,,,,,,,,
2/2/21,,,,,,,,,,,,
2/3/21,,,,,,,,,,,,
2/4/21,,,,,,,,,,,,
2/5/21,,,,,,,,,,,,
2/6/21,,,,,,,,,,,,
2/7/21,,,,,,,,,,,,
2/8/21,,,,,,,,,,,,
2/9/21,,,,,,,,,,,,
2/10/21,,,,,,,,,,,,
2/11/21,,,,,,,,,,,,
2/12/21,,,,,,,,,,,,
2/13/21,,,,,,,,,,,,
2/14/21,,,,,,,,,,,,
2/15/21,,,,,,,,,,,,
2/16/21,,,,,,,,,,,,
2/17/21,,,,,,,,,,,,
2/18/21,,,,,,,,,,,,
2/19/21,,,,,,,,,,,,
2/20/21,,,,,,,,,,,,
2/21/21,,,,,,,,,,,,
2/22/21,,,,,,,,,,,,
2/23/21,,,,,,,,,,,,
2/24/21,,,,,,,,,,,,
2/25/21,,,,,,,,,,,,
2/26/21,,,,,,,,,,,,
2/27/21,,,,,,,,,,,,
2/28/21,,,,,,,,,,,,
3/1/21,,,,,,,,,,,,
3/2/21,,,,,,,,,,,,
3/3/21,,,,,,,,,,,,
3/4/21,,,,,,,,,,,,
3/5/21,,,,,,,,,,,,
3/6/21,,,,,,,,,,,,
3/7/21,,,,,,,,,,,,
3/8/21,,,,,,,,,,,,
3/9/21,,,,,,,,,,,,
3/10/21,,,,,,,,,,,,
3/11/21,,,,,,,,,,,,
3/12/21,,,,,,,,,,,,
3/13/21,,,,,,,,,,,,
3/14/21,,,,,,,,,,,,
3/15/21,,,,,,,,,,,,
3/16/21,,,,,,,,,,,,
3/17/21,,,,,,,,,,,,
3/18/21,,,,,,,,,,,,
3/19/21,,,,,,,,,,,,
3/20/21,,,,,,,,,,,,
3/21/21,,,,,,,,,,,,
3/22/21,,,,,,,,,,,,
3/23/21,,,,,,,,,,,,
3/24/21,,,,,,,,,,,,
3/25/21,,,,,,,,,,,,
3/26/21,,,,,,,,,,,,
3/27/21,,,,,,,,,,,,
3/28/21,,,,,,,,,,,,
3/29/21,,,,,,,,,,,,
3/30/21,,,,,,,,,,,,
3/31/21,,,,,,,,,,,,
4/1/21,,,,,,,,,,,,
4/2/21,,,,,,,,,,,,
4/3/21,,,,,,,,,,,,
4/4/21,,,,,,,,,,,,
4/5/21,,,,,,,,,,,,
4/6/21,,,,,,,,,,,,
4/7/21,,,,,,,,,,,,
4/8/21,,,,,,,,,,,,
4/9/21,,,,,,,,,,,,
4/10/21,,,,,,,,,,,,
4/11/21,,,,,,,,,,,,
4/12/21,,,,,,,,,,,,
4/13/21,,,,,,,,,,,,
4/14/21,,,,,,,,,,,,
4/15/21,,,,,,,,,,,,
4/16/21,,,,,,,,,,,,
4/17/21,,,,,,,,,,,,
4/18/21,,,,,,,,,,,,
4/19/21,,,,,,,,,,,,
4/20/21,,,,,,,,,,,,
4/21/21,,,,,,,,,,,,
4/22/21,,,,,,,,,,,,
4/23/21,,,,,,,,,,,,
4/24/21,,,,,,,,,,,,
4/25/21,,,,,,,,,,,,
4/26/21,,,,,,,,,,,,
4/27/21,,,,,,,,,,,,
4/28/21,,,,,,,,,,,,
4/29/21,,,,,,,,,,,,
4/30/21,,,,,,,,,,,,
5/1/21,,,,,,,,,,,,
5/2/21,,,,,,,,,,,,
5/3/21,,,,,,,,,,,,
5/4/21,,,,,,,,,,,,
5/5/21,,,,,,,,,,,,
5/6/21,,,,,,,,,,,,
5/7/21,,,,,,,,,,,,
5/8/21,,,,,,,,,,,,
5/9/21,,,,,,,,,,,,
5/10/21,,,,,,,,,,,,
5/11/21,,,,,,,,,,,,
5/12/21,,,,,,,,,,,,
5/13/21,,,,,,,,,,,,
5/14/21,,,,,,,,,,,,
5/15/21,,,,,,,,,,,,
5/16/21,,,,,,,,,,,,
5/17/21,,,,,,,,,,,,
5/18/21,,,,,,,,,,,,
5/19/21,,,,,,,,,,,,
5/20/21,,,,,,,,,,,,
5/21/21,,,,,,,,,,,,
5/22/21,,,,,,,,,,,,
5/23/21,,,,,,,,,,,,
5/24/21,,,,,,,,,,,,
5/25/21,,,,,,,,,,,,
5/26/21,,,,,,,,,,,,
5/27/21,,,,,,,,,,,,
5/28/21,,,,,,,,,,,,
5/29/21,,,,,,,,,,,,
5/30/21,,,,,,,,,,,,
5/31/21,,,,,,,,,,,,
6/1/21,,,,,,,,,,,,
6/2/21,,,,,,,,,,,,
6/3/21,,,,,,,,,,,,
6/4/21,,,,,,,,,,,,
6/5/21,,,,,,,,,,,,
6/6/21,,,,,,,,,,,,
6/7/21,,,,,,,,,,,,
6/8/21,,,,,,,,,,,,
6/9/21,,,,,,,,,,,,
6/10/21,,,,,,,,,,,,
6/11/21,,,,,,,,,,,,
6/12/21,,,,,,,,,,,,
6/13/21,,,,,,,,,,,,
6/14/21,,,,,,,,,,,,
6/15/21,,,,,,,,,,,,
6/16/21,,,,,,,,,,,,
6/17/21,,,,,,,,,,,,
6/18/21,,,,,,,,,,,,
6/19/21,,,,,,,,,,,,
6/20/21,,,,,,,,,,,,
6/21/21,,,,,,,,,,,,
6/22/21,,,,,,,,,,,,
6/23/21,,,,,,,,,,,,
6/24/21,,,,,,,,,,,,
6/25/21,,,,,,,,,,,,
6/26/21,,,,,,,,,,,,
6/27/21,,,,,,,,,,,,
6/28/21,,,,,,,,,,,,
6/29/21,,,,,,,,,,,,
6/30/21,,,,,,,,,,,,
7/1/21,,,,,,,,,,,,
7/2/21,,,,,,,,,,,,
7/3/21,,,,,,,,,,,,
7/4/21,,,,,,,,,,,,
7/5/21,,,,,,,,,,,,
7/6/21,,,,,,,,,,,,
7/7/21,,,,,,,,,,,,
7/8/21,,,,,,,,,,,,
7/9/21,,,,,,,,,,,,
7/10/21,,,,,,,,,,,,
7/11/21,,,,,,,,,,,,
7/12/21,,,,,,,,,,,,
7/13/21,,,,,,,,,,,,
7/14/21,,,,,,,,,,,,
7/15/21,,,,,,,,,,,,
7/16/21,,,,,,,,,,,,
7/17/21,,,,,,,,,,,,
7/18/21,,,,,,,,,,,,
7/19/21,,,,,,,,,,,,
7/20/21,,,,,,,,,,,,
7/21/21,,,,,,,,,,,,
7/22/21,,,,,,,,,,,,
7/23/21,,,,,,,,,,,,
7/24/21,,,,,,,,,,,,
7/25/21,,,,,,,,,,,,
7/26/21,,,,,,,,,,,,
7/27/21,,,,,,,,,,,,
7/28/21,,,,,,,,,,,,
7/29/21,,,,,,,,,,,,
7/30/21,,,,,,,,,,,,
7/31/21,,,,,,,,,,,,
8/1/21,,,,,,,,,,,,
8/2/21,,,,,,,,,,,,
8/3/21,,,,,,,,,,,,
8/4/21,,,,,,,,,,,,
8/5/21,,,,,,,,,,,,
8/6/21,,,,,,,,,,,,
8/7/21,,,,,,,,,,,,
8/8/21,,,,,,,,,,,,
8/9/21,,,,,,,,,,,,
8/10/21,,,,,,,,,,,,
8/11/21,,,,,,,,,,,,
8/12/21,,,,,,,,,,,,
8/13/21,,,,,,,,,,,,
8/14/21,,,,,,,,,,,,
8/15/21,,,,,,,,,,,,
8/16/21,,,,,,,,,,,,
8/17/21,,,,,,,,,,,,
8/18/21,,,,,,,,,,,,
8/19/21,,,,,,,,,,,,
8/20/21,,,,,,,,,,,,
8/21/21,,,,,,,,,,,,
8/22/21,,,,,,,,,,,,
8/23/21,,,,,,,,,,,,
8/24/21,,,,,,,,,,,,
8/25/21,,,,,,,,,,,,
8/26/21,,,,,,,,,,,,
8/27/21,,,,,,,,,,,,
8/28/21,,,,,,,,,,,,
8/29/21,,,,,,,,,,,,
8/30/21,,,,,,,,,,,,
8/31/21,,,,,,,,,,,,
9/1/21,,,,,,,,,,,,
9/2/21,,,,,,,,,,,,
9/3/21,,,,,,,,,,,,
9/4/21,,,,,,,,,,,,
9/5/21,,,,,,,,,,,,
9/6/21,,,,,,,,,,,,
9/7/21,,,,,,,,,,,,
9/8/21,,,,,,,,,,,,
9/9/21,,,,,,,,,,,,
9/10/21,,,,,,,,,,,,
9/11/21,,,,,,,,,,,,
9/12/21,,,,,,,,,,,,
9/13/21,,,,,,,,,,,,
9/14/21,,,,,,,,,,,,
9/15/21,,,,,,,,,,,,
9/16/21,,,,,,,,,,,,
9/17/21,,,,,,,,,,,,
9/18/21,,,,,,,,,,,,
9/19/21,,,,,,,,,,,,
9/20/21,,,,,,,,,,,,
9/21/21,,,,,,,,,,,,
9/22/21,,,,,,,,,,,,
9/23/21,,,,,,,,,,,,
9/24/21,,,,,,,,,,,,
9/25/21,,,,,,,,,,,,
9/26/21,,,,,,,,,,,,
9/27/21,,,,,,,,,,,,
9/28/21,,,,,,,,,,,,
9/29/21,,,,,,,,,,,,
9/30/21,,,,,,,,,,,,
10/1/21,,,,,,,,,,,,
10/2/21,,,,,,,,,,,,
10/3/21,,,,,,,,,,,,
10/4/21,,,,,,,,,,,,
10/5/21,,,,,,,,,,,,
10/6/21,,,,,,,,,,,,
10/7/21,,,,,,,,,,,,
10/8/21,,,,,,,,,,,,
10/9/21,,,,,,,,,,,,
10/10/21,,,,,,,,,,,,
10/11/21,,,,,,,,,,,,
10/12/21,,,,,,,,,,,,
10/13/21,,,,,,,,,,,,
10/14/21,,,,,,,,,,,,
10/15/21,,,,,,,,,,,,
10/16/21,,,,,,,,,,,,
10/17/21,,,,,,,,,,,,
10/18/21,,,,,,,,,,,,
10/19/21,,,,,,,,,,,,
10/20/21,,,,,,,,,,,,
10/21/21,,,,,,,,,,,,
10/22/21,,,,,,,,,,,,
10/23/21,,,,,,,,,,,,
10/24/21,,,,,,,,,,,,
10/25/21,,,,,,,,,,,,
10/26/21,,,,,,,,,,,,
10/27/21,,,,,,,,,,,,
10/28/21,,,,,,,,,,,,
10/29/21,,,,,,,,,,,,
10/30/21,,,,,,,,,,,,
10/31/21,,,,,,,,,,,,
11/1/21,,,,,,,,,,,,
11/2/21,,,,,,,,,,,,
11/3/21,,,,,,,,,,,,
11/4/21,,,,,,,,,,,,
11/5/21,,,,,,,,,,,,
11/6/21,,,,,,,,,,,,
11/7/21,,,,,,,,,,,,
11/8/21,,,,,,,,,,,,
11/9/21,,,,,,,,,,,,
11/10/21,,,,,,,,,,,,
11/11/21,,,,,,,,,,,,
11/12/21,,,,,,,,,,,,
11/13/21,,,,,,,,,,,,
11/14/21,,,,,,,,,,,,
11/15/21,,,,,,,,,,,,
11/16/21,,,,,,,,,,,,
11/17/21,,,,,,,,,,,,
11/18/21,,,,,,,,,,,,
11/19/21,,,,,,,,,,,,
11/20/21,,,,,,,,,,,,
11/21/21,,,,,,,,,,,,
11/22/21,,,,,,,,,,,,
11/23/21,,,,,,,,,,,,
11/24/21,,,,,,,,,,,,
11/25/21,,,,,,,,,,,,
11/26/21,,,,,,,,,,,,
11/27/21,,,,,,,,,,,,
11/28/21,,,,,,,,,,,,
11/29/21,,,,,,,,,,,,
11/30/21,,,,,,,,,,,,
12/1/21,,,,,,,,,,,,
12/2/21,,,,,,,,,,,,
12/3/21,,,,,,,,,,,,
12/4/21,,,,,,,,,,,,
12/5/21,,,,,,,,,,,,
12/6/21,,,,,,,,,,,,
12/7/21,,,,,,,,,,,,
12/8/21,,,,,,,,,,,,
12/9/21,,,,,,,,,,,,
12/10/21,,,,,,,,,,,,
12/11/21,,,,,,,,,,,,
12/12/21,,,,,,,,,,,,
12/13/21,,,,,,,,,,,,
12/14/21,,,,,,,,,,,,
12/15/21,,,,,,,,,,,,
12/16/21,,,,,,,,,,,,
12/17/21,,,,,,,,,,,,
12/18/21,,,,,,,,,,,,
12/19/21,,,,,,,,,,,,
12/20/21,,,,,,,,,,,,
12/21/21,,,,,,,,,,,,
12/22/21,,,,,,,,,,,,
12/23/21,,,,,,,,,,,,
12/24/21,,,,,,,,,,,,
12/25/21,,,,,,,,,,,,
12/26/21,,,,,,,,,,,,
12/27/21,,,,,,,,,,,,
12/28/21,,,,,,,,,,,,
12/29/21,,,,,,,,,,,,
12/30/21,,,,,,,,,,,,
12/31/21,,,,,,,,,,,,
1/1/22,,,,,,,,,,,,
1/2/22,,,,,,,,,,,,
1/3/22,,,,,,,,,,,,
1/4/22,,,,,,,,,,,,
1/5/22,,,,,,,,,,,,
1/6/22,,,,,,,,,,,,
1/7/22,,,,,,,,,,,,
1/8/22,,,,,,,,,,,,
1/9/22,,,,,,,,,,,,
1/10/22,,,,,,,,,,,,
1/11/22,,,,,,,,,,,,
1/12/22,,,,,,,,,,,,
1/13/22,,,,,,,,,,,,
1/14/22,,,,,,,,,,,,
1/15/22,,,,,,,,,,,,
1/16/22,,,,,,,,,,,,
1/17/22,,,,,,,,,,,,
1/18/22,,,,,,,,,,,,
1/19/22,,,,,,,,,,,,
1/20/22,,,,,,,,,,,,
1/21/22,,,,,,,,,,,,
1/22/22,,,,,,,,,,,,
1/23/22,,,,,,,,,,,,
1/24/22,,,,,,,,,,,,
1/25/22,,,,,,,,,,,,
1/26/22,,,,,,,,,,,,
1/27/22,,,,,,,,,,,,
1/28/22,,,,,,,,,,,,
1/29/22,,,,,,,,,,,,
1/30/22,,,,,,,,,,,,
1/31/22,,,,,,,,,,,,
2/1/22,,,,,,,,,,,,
2/2/22,,,,,,,,,,,,
2/3/22,,,,,,,,,,,,
2/4/22,,,,,,,,,,,,
2/5/22,,,,,,,,,,,,
2/6/22,,,,,,,,,,,,
2/7/22,,,,,,,,,,,,
2/8/22,,,,,,,,,,,,
2/9/22,,,,,,,,,,,,
2/10/22,,,,,,,,,,,,
2/11/22,,,,,,,,,,,,
2/12/22,,,,,,,,,,,,
2/13/22,,,,,,,,,,,,
2/14/22,,,,,,,,,,,,
2/15/22,,,,,,,,,,,,
2/16/22,,,,,,,,,,,,
2/17/22,,,,,,,,,,,,
2/18/22,,,,,,,,,,,,
2/19/22,,,,,,,,,,,,
2/20/22,,,,,,,,,,,,
2/21/22,,,,,,,,,,,,
2/22/22,,,,,,,,,,,,
2/23/22,,,,,,,,,,,,
2/24/22,,,,,,,,,,,,
2/25/22,,,,,,,,,,,,
2/26/22,,,,,,,,,,,,
2/27/22,,,,,,,,,,,,
2/28/22,,,,,,,,,,,,
3/1/22,,,,,,,,,,,,
3/2/22,,,,,,,,,,,,
3/3/22,,,,,,,,,,,,
3/4/22,,,,,,,,,,,,
3/5/22,,,,,,,,,,,,
3/6/22,,,,,,,,,,,,
3/7/22,,,,,,,,,,,,
3/8/22,,,,,,,,,,,,
3/9/22,,,,,,,,,,,,
3/10/22,,,,,,,,,,,,
3/11/22,,,,,,,,,,,,
3/12/22,,,,,,,,,,,,
3/13/22,,,,,,,,,,,,
3/14/22,,,,,,,,,,,,
3/15/22,,,,,,,,,,,,
3/16/22,,,,,,,,,,,,
3/17/22,,,,,,,,,,,,
3/18/22,,,,,,,,,,,,
3/19/22,,,,,,,,,,,,
3/20/22,,,,,,,,,,,,
3/21/22,,,,,,,,,,,,
3/22/22,,,,,,,,,,,,
3/23/22,,,,,,,,,,,,
3/24/22,,,,,,,,,,,,
3/25/22,,,,,,,,,,,,
3/26/22,,,,,,,,,,,,
3/27/22,,,,,,,,,,,,
3/28/22,,,,,,,,,,,,
3/29/22,,,,,,,,,,,,
3/30/22,,,,,,,,,,,,
3/31/22,,,,,,,,,,,,
4/1/22,,,,,,,,,,,,
4/2/22,,,,,,,,,,,,
4/3/22,,,,,,,,,,,,
4/4/22,,,,,,,,,,,,
4/5/22,,,,,,,,,,,,
4/6/22,,,,,,,,,,,,
4/7/22,,,,,,,,,,,,
4/8/22,,,,,,,,,,,,
4/9/22,,,,,,,,,,,,
4/10/22,,,,,,,,,,,,
4/11/22,,,,,,,,,,,,
4/12/22,,,,,,,,,,,,
4/13/22,,,,,,,,,,,,
4/14/22,,,,,,,,,,,,
4/15/22,,,,,,,,,,,,
4/16/22,,,,,,,,,,,,
4/17/22,,,,,,,,,,,,
4/18/22,,,,,,,,,,,,
4/19/22,,,,,,,,,,,,
4/20/22,,,,,,,,,,,,
4/21/22,,,,,,,,,,,,
4/22/22,,,,,,,,,,,,
4/23/22,,,,,,,,,,,,
4/24/22,,,,,,,,,,,,
4/25/22,,,,,,,,,,,,
4/26/22,,,,,,,,,,,,
4/27/22,,,,,,,,,,,,
4/28/22,,,,,,,,,,,,
4/29/22,,,,,,,,,,,,
4/30/22,,,,,,,,,,,,
5/1/22,,,,,,,,,,,,
5/2/22,,,,,,,,,,,,
5/3/22,,,,,,,,,,,,
5/4/22,,,,,,,,,,,,
5/5/22,,,,,,,,,,,,
5/6/22,,,,,,,,,,,,
5/7/22,,,,,,,,,,,,
5/8/22,,,,,,,,,,,,
5/9/22,,,,,,,,,,,,
5/10/22,,,,,,,,,,,,
5/11/22,,,,,,,,,,,,
5/12/22,,,,,,,,,,,,
5/13/22,,,,,,,,,,,,
5/14/22,,,,,,,,,,,,
5/15/22,,,,,,,,,,,,
5/16/22,,,,,,,,,,,,
5/17/22,,,,,,,,,,,,
5/18/22,,,,,,,,,,,,
5/19/22,,,,,,,,,,,,
5/20/22,,,,,,,,,,,,
5/21/22,,,,,,,,,,,,
5/22/22,,,,,,,,,,,,
5/23/22,,,,,,,,,,,,
5/24/22,,,,,,,,,,,,
5/25/22,,,,,,,,,,,,
5/26/22,,,,,,,,,,,,
5/27/22,,,,,,,,,,,,
5/28/22,,,,,,,,,,,,
5/29/22,,,,,,,,,,,,
5/30/22,,,,,,,,,,,,
5/31/22,,,,,,,,,,,,
6/1/22,,,,,,,,,,,,
6/2/22,,,,,,,,,,,,
6/3/22,,,,,,,,,,,,
6/4/22,,,,,,,,,,,,
6/5/22,,,,,,,,,,,,
6/6/22,,,,,,,,,,,,
6/7/22,,,,,,,,,,,,
6/8/22,,,,,,,,,,,,
6/9/22,,,,,,,,,,,,
6/10/22,,,,,,,,,,,,
6/11/22,,,,,,,,,,,,
6/12/22,,,,,,,,,,,,
6/13/22,,,,,,,,,,,,
6/14/22,,,,,,,,,,,,
6/15/22,,,,,,,,,,,,
6/16/22,,,,,,,,,,,,
6/17/22,,,,,,,,,,,,
6/18/22,,,,,,,,,,,,
6/19/22,,,,,,,,,,,,
6/20/22,,,,,,,,,,,,
6/21/22,,,,,,,,,,,,
6/22/22,,,,,,,,,,,,
6/23/22,,,,,,,,,,,,
6/24/22,,,,,,,,,,,,
6/25/22,,,,,,,,,,,,
6/26/22,,,,,,,,,,,,
6/27/22,,,,,,,,,,,,
6/28/22,,,,,,,,,,,,
6/29/22,,,,,,,,,,,,
6/30/22,,,,,,,,,,,,
7/1/22,,,,,,,,,,,,
7/2/22,,,,,,,,,,,,
7/3/22,,,,,,,,,,,,
7/4/22,,,,,,,,,,,,
7/5/22,,,,,,,,,,,,
7/6/22,,,,,,,,,,,,
7/7/22,,,,,,,,,,,,
7/8/22,,,,,,,,,,,,
7/9/22,,,,,,,,,,,,
7/10/22,,,,,,,,,,,,
7/11/22,,,,,,,,,,,,
7/12/22,,,,,,,,,,,,
7/13/22,,,,,,,,,,,,
7/14/22,,,,,,,,,,,,
7/15/22,,,,,,,,,,,,
7/16/22,,,,,,,,,,,,
7/17/22,,,,,,,,,,,,
7/18/22,,,,,,,,,,,,
7/19/22,,,,,,,,,,,,
7/20/22,,,,,,,,,,,,
7/21/22,,,,,,,,,,,,
7/22/22,,,,,,,,,,,,
7/23/22,,,,,,,,,,,,
7/24/22,,,,,,,,,,,,
7/25/22,,,,,,,,,,,,
7/26/22,,,,,,,,,,,,
7/27/22,,,,,,,,,,,,
7/28/22,,,,,,,,,,,,
7/29/22,,,,,,,,,,,,
7/30/22,,,,,,,,,,,,
7/31/22,,,,,,,,,,,,
8/1/22,,,,,,,,,,,,
8/2/22,,,,,,,,,,,,
8/3/22,,,,,,,,,,,,
8/4/22,,,,,,,,,,,,
8/5/22,,,,,,,,,,,,
8/6/22,,,,,,,,,,,,
8/7/22,,,,,,,,,,,,
8/8/22,,,,,,,,,,,,
8/9/22,,,,,,,,,,,,
8/10/22,,,,,,,,,,,,
8/11/22,,,,,,,,,,,,
8/12/22,,,,,,,,,,,,
8/13/22,,,,,,,,,,,,
8/14/22,,,,,,,,,,,,
8/15/22,,,,,,,,,,,,
8/16/22,,,,,,,,,,,,
8/17/22,,,,,,,,,,,,
8/18/22,,,,,,,,,,,,
8/19/22,,,,,,,,,,,,
8/20/22,,,,,,,,,,,,
8/21/22,,,,,,,,,,,,
8/22/22,,,,,,,,,,,,
8/23/22,,,,,,,,,,,,
8/24/22,,,,,,,,,,,,
8/25/22,,,,,,,,,,,,
8/26/22,,,,,,,,,,,,
8/27/22,,,,,,,,,,,,
8/28/22,,,,,,,,,,,,
8/29/22,,,,,,,,,,,,
8/30/22,,,,,,,,,,,,
8/31/22,,,,,,,,,,,,
9/1/22,,,,,,,,,,,,
9/2/22,,,,,,,,,,,,
9/3/22,,,,,,,,,,,,
9/4/22,,,,,,,,,,,,
9/5/22,,,,,,,,,,,,
9/6/22,,,,,,,,,,,,
9/7/22,,,,,,,,,,,,
9/8/22,,,,,,,,,,,,
9/9/22,,,,,,,,,,,,
9/10/22,,,,,,,,,,,,
9/11/22,,,,,,,,,,,,
9/12/22,,,,,,,,,,,,
9/13/22,,,,,,,,,,,,
9/14/22,,,,,,,,,,,,
9/15/22,,,,,,,,,,,,
9/16/22,,,,,,,,,,,,
9/17/22,,,,,,,,,,,,
9/18/22,,,,,,,,,,,,
9/19/22,,,,,,,,,,,,
9/20/22,,,,,,,,,,,,
9/21/22,,,,,,,,,,,,
9/22/22,,,,,,,,,,,,
9/23/22,,,,,,,,,,,,
9/24/22,,,,,,,,,,,,
9/25/22,,,,,,,,,,,,
9/26/22,,,,,,,,,,,,
9/27/22,,,,,,,,,,,,
9/28/22,,,,,,,,,,,,
9/29/22,,,,,,,,,,,,
9/30/22,,,,,,,,,,,,
10/1/22,,,,,,,,,,,,
10/2/22,,,,,,,,,,,,
10/3/22,,,,,,,,,,,,
10/4/22,,,,,,,,,,,,
10/5/22,,,,,,,,,,,,
10/6/22,,,,,,,,,,,,
10/7/22,,,,,,,,,,,,
10/8/22,,,,,,,,,,,,
10/9/22,,,,,,,,,,,,
10/10/22,,,,,,,,,,,,
10/11/22,,,,,,,,,,,,
10/12/22,,,,,,,,,,,,
10/13/22,,,,,,,,,,,,
10/14/22,,,,,,,,,,,,
10/15/22,,,,,,,,,,,,
10/16/22,,,,,,,,,,,,
10/17/22,,,,,,,,,,,,
10/18/22,,,,,,,,,,,,
10/19/22,,,,,,,,,,,,
10/20/22,,,,,,,,,,,,
10/21/22,,,,,,,,,,,,
10/22/22,,,,,,,,,,,,
10/23/22,,,,,,,,,,,,
10/24/22,,,,,,,,,,,,
10/25/22,,,,,,,,,,,,
10/26/22,,,,,,,,,,,,
10/27/22,,,,,,,,,,,,
10/28/22,,,,,,,,,,,,
10/29/22,,,,,,,,,,,,
10/30/22,,,,,,,,,,,,
10/31/22,,,,,,,,,,,,
11/1/22,,,,,,,,,,,,
11/2/22,,,,,,,,,,,,
11/3/22,,,,,,,,,,,,
11/4/22,,,,,,,,,,,,
11/5/22,,,,,,,,,,,,
11/6/22,,,,,,,,,,,,
11/7/22,,,,,,,,,,,,
11/8/22,,,,,,,,,,,,
11/9/22,,,,,,,,,,,,
11/10/22,,,,,,,,,,,,
11/11/22,,,,,,,,,,,,
11/12/22,,,,,,,,,,,,
11/13/22,,,,,,,,,,,,
11/14/22,,,,,,,,,,,,
11/15/22,,,,,,,,,,,,
11/16/22,,,,,,,,,,,,
11/17/22,,,,,,,,,,,,
11/18/22,,,,,,,,,,,,
11/19/22,,,,,,,,,,,,
11/20/22,,,,,,,,,,,,
11/21/22,,,,,,,,,,,,
11/22/22,,,,,,,,,,,,
11/23/22,,,,,,,,,,,,
11/24/22,,,,,,,,,,,,
11/25/22,,,,,,,,,,,,
11/26/22,,,,,,,,,,,,
11/27/22,,,,,,,,,,,,
11/28/22,,,,,,,,,,,,
11/29/22,,,,,,,,,,,,
11/30/22,,,,,,,,,,,,
12/1/22,,,,,,,,,,,,
12/2/22,,,,,,,,,,,,
12/3/22,,,,,,,,,,,,
12/4/22,,,,,,,,,,,,
12/5/22,,,,,,,,,,,,
12/6/22,,,,,,,,,,,,
12/7/22,,,,,,,,,,,,
12/8/22,,,,,,,,,,,,
12/9/22,,,,,,,,,,,,
12/10/22,,,,,,,,,,,,
12/11/22,,,,,,,,,,,,
12/12/22,,,,,,,,,,,,
12/13/22,,,,,,,,,,,,
12/14/22,,,,,,,,,,,,
12/15/22,,,,,,,,,,,,
12/16/22,,,,,,,,,,,,
12/17/22,,,,,,,,,,,,
12/18/22,,,,,,,,,,,,
12/19/22,,,,,,,,,,,,
12/20/22,,,,,,,,,,,,
12/21/22,,,,,,,,,,,,
12/22/22,,,,,,,,,,,,
12/23/22,,,,,,,,,,,,
12/24/22,,,,,,,,,,,,
12/25/22,,,,,,,,,,,,
12/26/22,,,,,,,,,,,,
12/27/22,,,,,,,,,,,,
12/28/22,,,,,,,,,,,,
12/29/22,,,,,,,,,,,,
12/30/22,,,,,,,,,,,,
12/31/22,,,,,,,,,,,,
1/1/23,,,,,,,,,,,,
1/2/23,,,,,,,,,,,,
1/3/23,,,,,,,,,,,,
1/4/23,,,,,,,,,,,,
1/5/23,,,,,,,,,,,,
1/6/23,,,,,,,,,,,,
1/7/23,,,,,,,,,,,,
1/8/23,,,,,,,,,,,,
1/9/23,,,,,,,,,,,,
1/10/23,,,,,,,,,,,,
1/11/23,,,,,,,,,,,,
1/12/23,,,,,,,,,,,,
1/13/23,,,,,,,,,,,,
1/14/23,,,,,,,,,,,,
1/15/23,,,,,,,,,,,,
1/16/23,,,,,,,,,,,,
1/17/23,,,,,,,,,,,,
1/18/23,,,,,,,,,,,,
1/19/23,,,,,,,,,,,,
1/20/23,,,,,,,,,,,,
1/21/23,,,,,,,,,,,,
1/22/23,,,,,,,,,,,,
1/23/23,,,,,,,,,,,,
1/24/23,,,,,,,,,,,,
1/25/23,,,,,,,,,,,,
1/26/23,,,,,,,,,,,,
1/27/23,,,,,,,,,,,,
1/28/23,,,,,,,,,,,,
1/29/23,,,,,,,,,,,,
1/30/23,,,,,,,,,,,,
1/31/23,,,,,,,,,,,,
2/1/23,,,,,,,,,,,,
2/2/23,,,,,,,,,,,,
2/3/23,,,,,,,,,,,,
2/4/23,,,,,,,,,,,,
2/5/23,,,,,,,,,,,,
2/6/23,,,,,,,,,,,,
2/7/23,,,,,,,,,,,,
2/8/23,,,,,,,,,,,,
2/9/23,,,,,,,,,,,,
2/10/23,,,,,,,,,,,,
2/11/23,,,,,,,,,,,,
2/12/23,,,,,,,,,,,,
2/13/23,,,,,,,,,,,,
2/14/23,,,,,,,,,,,,
2/15/23,,,,,,,,,,,,
2/16/23,,,,,,,,,,,,
2/17/23,,,,,,,,,,,,
2/18/23,,,,,,,,,,,,
2/19/23,,,,,,,,,,,,
2/20/23,,,,,,,,,,,,
2/21/23,,,,,,,,,,,,
2/22/23,,,,,,,,,,,,
2/23/23,,,,,,,,,,,,
2/24/23,,,,,,,,,,,,
2/25/23,,,,,,,,,,,,
2/26/23,,,,,,,,,,,,
2/27/23,,,,,,,,,,,,
2/28/23,,,,,,,,,,,,
3/1/23,,,,,,,,,,,,
3/2/23,,,,,,,,,,,,
3/3/23,,,,,,,,,,,,
3/4/23,,,,,,,,,,,,
3/5/23,,,,,,,,,,,,
3/6/23,,,,,,,,,,,,
3/7/23,,,,,,,,,,,,
3/8/23,,,,,,,,,,,,
3/9/23,,,,,,,,,,,,
3/10/23,,,,,,,,,,,,
3/11/23,,,,,,,,,,,,
3/12/23,,,,,,,,,,,,
3/13/23,,,,,,,,,,,,
3/14/23,,,,,,,,,,,,
3/15/23,,,,,,,,,,,,
3/16/23,,,,,,,,,,,,
3/17/23,,,,,,,,,,,,
3/18/23,,,,,,,,,,,,
3/19/23,,,,,,,,,,,,
3/20/23,,,,,,,,,,,,
3/21/23,,,,,,,,,,,,
3/22/23,,,,,,,,,,,,
3/23/23,,,,,,,,,,,,
3/24/23,,,,,,,,,,,,
3/25/23,,,,,,,,,,,,
3/26/23,,,,,,,,,,,,
3/27/23,,,,,,,,,,,,
3/28/23,,,,,,,,,,,,
3/29/23,,,,,,,,,,,,
3/30/23,,,,,,,,,,,,
3/31/23,,,,,,,,,,,,
4/1/23,,,,,,,,,,,,
4/2/23,,,,,,,,,,,,
4/3/23,,,,,,,,,,,,
4/4/23,,,,,,,,,,,,
4/5/23,,,,,,,,,,,,
4/6/23,,,,,,,,,,,,
4/7/23,,,,,,,,,,,,
4/8/23,,,,,,,,,,,,
4/9/23,,,,,,,,,,,,
4/10/23,,,,,,,,,,,,
4/11/23,,,,,,,,,,,,
4/12/23,,,,,,,,,,,,
4/13/23,,,,,,,,,,,,
4/14/23,,,,,,,,,,,,
4/15/23,,,,,,,,,,,,
4/16/23,,,,,,,,,,,,
4/17/23,,,,,,,,,,,,
4/18/23,,,,,,,,,,,,
4/19/23,,,,,,,,,,,,
4/20/23,,,,,,,,,,,,
4/21/23,,,,,,,,,,,,
4/22/23,,,,,,,,,,,,
4/23/23,,,,,,,,,,,,
4/24/23,,,,,,,,,,,,
4/25/23,,,,,,,,,,,,
4/26/23,,,,,,,,,,,,
4/27/23,,,,,,,,,,,,
4/28/23,,,,,,,,,,,,
4/29/23,,,,,,,,,,,,
4/30/23,,,,,,,,,,,,
5/1/23,,,,,,,,,,,,
5/2/23,,,,,,,,,,,,
5/3/23,,,,,,,,,,,,
5/4/23,,,,,,,,,,,,
5/5/23,,,,,,,,,,,,
5/6/23,,,,,,,,,,,,
5/7/23,,,,,,,,,,,,
5/8/23,,,,,,,,,,,,
5/9/23,,,,,,,,,,,,
5/10/23,,,,,,,,,,,,
5/11/23,,,,,,,,,,,,
5/12/23,,,,,,,,,,,,
5/13/23,,,,,,,,,,,,
5/14/23,,,,,,,,,,,,
5/15/23,,,,,,,,,,,,
5/16/23,,,,,,,,,,,,
5/17/23,,,,,,,,,,,,
5/18/23,,,,,,,,,,,,
5/19/23,,,,,,,,,,,,
5/20/23,,,,,,,,,,,,
5/21/23,,,,,,,,,,,,
5/22/23,,,,,,,,,,,,
5/23/23,,,,,,,,,,,,
5/24/23,,,,,,,,,,,,
5/25/23,,,,,,,,,,,,
5/26/23,,,,,,,,,,,,
5/27/23,,,,,,,,,,,,
5/28/23,,,,,,,,,,,,
5/29/23,,,,,,,,,,,,
5/30/23,,,,,,,,,,,,
5/31/23,,,,,,,,,,,,
6/1/23,,,,,,,,,,,,
6/2/23,,,,,,,,,,,,
6/3/23,,,,,,,,,,,,
6/4/23,,,,,,,,,,,,
6/5/23,,,,,,,,,,,,
6/6/23,,,,,,,,,,,,
6/7/23,,,,,,,,,,,,
6/8/23,,,,,,,,,,,,
6/9/23,,,,,,,,,,,,
6/10/23,,,,,,,,,,,,
6/11/23,,,,,,,,,,,,
6/12/23,,,,,,,,,,,,
6/13/23,,,,,,,,,,,,
6/14/23,,,,,,,,,,,,
6/15/23,,,,,,,,,,,,
6/16/23,,,,,,,,,,,,
6/17/23,,,,,,,,,,,,
6/18/23,,,,,,,,,,,,
6/19/23,,,,,,,,,,,,
6/20/23,,,,,,,,,,,,
6/21/23,,,,,,,,,,,,
6/22/23,,,,,,,,,,,,
6/23/23,,,,,,,,,,,,
6/24/23,,,,,,,,,,,,
6/25/23,,,,,,,,,,,,
6/26/23,,,,,,,,,,,,
6/27/23,,,,,,,,,,,,
6/28/23,,,,,,,,,,,,
6/29/23,,,,,,,,,,,,
6/30/23,,,,,,,,,,,,
7/1/23,,,,,,,,,,,,
7/2/23,,,,,,,,,,,,
7/3/23,,,,,,,,,,,,
7/4/23,,,,,,,,,,,,
7/5/23,,,,,,,,,,,,
7/6/23,,,,,,,,,,,,
7/7/23,,,,,,,,,,,,
7/8/23,,,,,,,,,,,,
7/9/23,,,,,,,,,,,,
7/10/23,,,,,,,,,,,,
7/11/23,,,,,,,,,,,,
7/12/23,,,,,,,,,,,,
7/13/23,,,,,,,,,,,,
7/14/23,,,,,,,,,,,,
7/15/23,,,,,,,,,,,,
7/16/23,,,,,,,,,,,,
7/17/23,,,,,,,,,,,,
7/18/23,,,,,,,,,,,,
7/19/23,,,,,,,,,,,,
7/20/23,,,,,,,,,,,,
7/21/23,,,,,,,,,,,,
7/22/23,,,,,,,,,,,,
7/23/23,,,,,,,,,,,,
7/24/23,,,,,,,,,,,,
7/25/23,,,,,,,,,,,,
7/26/23,,,,,,,,,,,,
7/27/23,,,,,,,,,,,,
7/28/23,,,,,,,,,,,,
7/29/23,,,,,,,,,,,,
7/30/23,,,,,,,,,,,,
7/31/23,,,,,,,,,,,,
8/1/23,,,,,,,,,,,,
8/2/23,,,,,,,,,,,,
8/3/23,,,,,,,,,,,,
8/4/23,,,,,,,,,,,,
8/5/23,,,,,,,,,,,,
8/6/23,,,,,,,,,,,,
8/7/23,,,,,,,,,,,,
8/8/23,,,,,,,,,,,,
8/9/23,,,,,,,,,,,,
8/10/23,,,,,,,,,,,,
8/11/23,,,,,,,,,,,,
8/12/23,,,,,,,,,,,,
8/13/23,,,,,,,,,,,,
8/14/23,,,,,,,,,,,,
8/15/23,,,,,,,,,,,,
8/16/23,,,,,,,,,,,,
8/17/23,,,,,,,,,,,,
8/18/23,,,,,,,,,,,,
8/19/23,,,,,,,,,,,,
8/20/23,,,,,,,,,,,,
8/21/23,,,,,,,,,,,,
8/22/23,,,,,,,,,,,,
8/23/23,,,,,,,,,,,,
8/24/23,,,,,,,,,,,,
8/25/23,,,,,,,,,,,,
8/26/23,,,,,,,,,,,,
8/27/23,,,,,,,,,,,,
8/28/23,,,,,,,,,,,,
8/29/23,,,,,,,,,,,,
8/30/23,,,,,,,,,,,,
8/31/23,,,,,,,,,,,,
9/1/23,,,,,,,,,,,,
9/2/23,,,,,,,,,,,,
9/3/23,,,,,,,,,,,,
9/4/23,,,,,,,,,,,,
9/5/23,,,,,,,,,,,,
9/6/23,,,,,,,,,,,,
9/7/23,,,,,,,,,,,,
9/8/23,,,,,,,,,,,,
9/9/23,,,,,,,,,,,,
9/10/23,,,,,,,,,,,,
9/11/23,,,,,,,,,,,,
9/12/23,,,,,,,,,,,,
9/13/23,,,,,,,,,,,,
9/14/23,,,,,,,,,,,,
9/15/23,,,,,,,,,,,,
9/16/23,,,,,,,,,,,,
9/17/23,,,,,,,,,,,,
9/18/23,,,,,,,,,,,,
9/19/23,,,,,,,,,,,,
9/20/23,,,,,,,,,,,,
9/21/23,,,,,,,,,,,,
9/22/23,,,,,,,,,,,,
9/23/23,,,,,,,,,,,,
9/24/23,,,,,,,,,,,,
9/25/23,,,,,,,,,,,,
9/26/23,,,,,,,,,,,,
9/27/23,,,,,,,,,,,,
9/28/23,,,,,,,,,,,,
9/29/23,,,,,,,,,,,,
9/30/23,,,,,,,,,,,,
10/1/23,,,,,,,,,,,,
10/2/23,,,,,,,,,,,,
10/3/23,,,,,,,,,,,,
10/4/23,,,,,,,,,,,,
10/5/23,,,,,,,,,,,,
10/6/23,,,,,,,,,,,,
10/7/23,,,,,,,,,,,,
10/8/23,,,,,,,,,,,,
10/9/23,,,,,,,,,,,,
10/10/23,,,,,,,,,,,,
10/11/23,,,,,,,,,,,,
10/12/23,,,,,,,,,,,,
10/13/23,,,,,,,,,,,,
10/14/23,,,,,,,,,,,,
10/15/23,,,,,,,,,,,,
10/16/23,,,,,,,,,,,,
10/17/23,,,,,,,,,,,,
10/18/23,,,,,,,,,,,,
10/19/23,,,,,,,,,,,,
10/20/23,,,,,,,,,,,,
10/21/23,,,,,,,,,,,,
10/22/23,,,,,,,,,,,,
10/23/23,,,,,,,,,,,,
10/24/23,,,,,,,,,,,,
10/25/23,,,,,,,,,,,,
10/26/23,,,,,,,,,,,,
10/27/23,,,,,,,,,,,,
10/28/23,,,,,,,,,,,,
10/29/23,,,,,,,,,,,,
10/30/23,,,,,,,,,,,,
10/31/23,,,,,,,,,,,,
11/1/23,,,,,,,,,,,,
11/2/23,,,,,,,,,,,,
11/3/23,,,,,,,,,,,,
11/4/23,,,,,,,,,,,,
11/5/23,,,,,,,,,,,,
11/6/23,,,,,,,,,,,,
11/7/23,,,,,,,,,,,,
11/8/23,,,,,,,,,,,,
11/9/23,,,,,,,,,,,,
11/10/23,,,,,,,,,,,,
11/11/23,,,,,,,,,,,,
11/12/23,,,,,,,,,,,,
11/13/23,,,,,,,,,,,,
11/14/23,,,,,,,,,,,,
11/15/23,,,,,,,,,,,,
11/16/23,,,,,,,,,,,,
11/17/23,,,,,,,,,,,,
11/18/23,,,,,,,,,,,,
11/19/23,,,,,,,,,,,,
11/20/23,,,,,,,,,,,,
11/21/23,,,,,,,,,,,,
11/22/23,,,,,,,,,,,,
11/23/23,,,,,,,,,,,,
11/24/23,,,,,,,,,,,,
11/25/23,,,,,,,,,,,,
11/26/23,,,,,,,,,,,,
11/27/23,,,,,,,,,,,,
11/28/23,,,,,,,,,,,,
11/29/23,,,,,,,,,,,,
11/30/23,,,,,,,,,,,,
12/1/23,,,,,,,,,,,,
12/2/23,,,,,,,,,,,,
12/3/23,,,,,,,,,,,,
12/4/23,,,,,,,,,,,,
12/5/23,,,,,,,,,,,,
12/6/23,,,,,,,,,,,,
12/7/23,,,,,,,,,,,,
12/8/23,,,,,,,,,,,,
12/9/23,,,,,,,,,,,,
12/10/23,,,,,,,,,,,,
12/11/23,,,,,,,,,,,,
12/12/23,,,,,,,,,,,,
12/13/23,,,,,,,,,,,,
12/14/23,,,,,,,,,,,,
12/15/23,,,,,,,,,,,,
12/16/23,,,,,,,,,,,,
12/17/23,,,,,,,,,,,,
12/18/23,,,,,,,,,,,,
12/19/23,,,,,,,,,,,,
12/20/23,,,,,,,,,,,,
12/21/23,,,,,,,,,,,,
12/22/23,,,,,,,,,,,,
12/23/23,,,,,,,,,,,,
12/24/23,,,,,,,,,,,,
12/25/23,,,,,,,,,,,,
12/26/23,,,,,,,,,,,,
12/27/23,,,,,,,,,,,,
12/28/23,,,,,,,,,,,,
12/29/23,,,,,,,,,,,,
12/30/23,,,,,,,,,,,,
12/31/23,,,,,,,,,,,,
1/1/24,,,,,,,,,,,,
1/2/24,,,,,,,,,,,,
1/3/24,,,,,,,,,,,,
1/4/24,,,,,,,,,,,,
1/5/24,,,,,,,,,,,,
1/6/24,,,,,,,,,,,,
1/7/24,,,,,,,,,,,,
1/8/24,,,,,,,,,,,,
1/9/24,,,,,,,,,,,,
1/10/24,,,,,,,,,,,,
1/11/24,,,,,,,,,,,,
1/12/24,,,,,,,,,,,,
1/13/24,,,,,,,,,,,,
1/14/24,,,,,,,,,,,,
1/15/24,,,,,,,,,,,,
1/16/24,,,,,,,,,,,,
1/17/24,,,,,,,,,,,,
1/18/24,,,,,,,,,,,,
1/19/24,,,,,,,,,,,,
1/20/24,,,,,,,,,,,,
1/21/24,,,,,,,,,,,,
1/22/24,,,,,,,,,,,,
1/23/24,,,,,,,,,,,,
1/24/24,,,,,,,,,,,,
1/25/24,,,,,,,,,,,,
1/26/24,,,,,,,,,,,,
1/27/24,,,,,,,,,,,,
1/28/24,,,,,,,,,,,,
1/29/24,,,,,,,,,,,,
1/30/24,,,,,,,,,,,,
1/31/24,,,,,,,,,,,,
2/1/24,,,,,,,,,,,,
2/2/24,,,,,,,,,,,,
2/3/24,,,,,,,,,,,,
2/4/24,,,,,,,,,,,,
2/5/24,,,,,,,,,,,,
2/6/24,,,,,,,,,,,,
2/7/24,,,,,,,,,,,,
2/8/24,,,,,,,,,,,,
2/9/24,,,,,,,,,,,,
2/10/24,,,,,,,,,,,,
2/11/24,,,,,,,,,,,,
2/12/24,,,,,,,,,,,,
2/13/24,,,,,,,,,,,,
2/14/24,,,,,,,,,,,,
2/15/24,,,,,,,,,,,,
2/16/24,,,,,,,,,,,,
2/17/24,,,,,,,,,,,,
2/18/24,,,,,,,,,,,,
2/19/24,,,,,,,,,,,,
2/20/24,,,,,,,,,,,,
2/21/24,,,,,,,,,,,,
2/22/24,,,,,,,,,,,,
2/23/24,,,,,,,,,,,,
2/24/24,,,,,,,,,,,,
2/25/24,,,,,,,,,,,,
2/26/24,,,,,,,,,,,,
2/27/24,,,,,,,,,,,,
2/28/24,,,,,,,,,,,,
2/29/24,,,,,,,,,,,,
3/1/24,,,,,,,,,,,,
3/2/24,,,,,,,,,,,,
3/3/24,,,,,,,,,,,,
3/4/24,,,,,,,,,,,,
3/5/24,,,,,,,,,,,,
3/6/24,,,,,,,,,,,,
3/7/24,,,,,,,,,,,,
3/8/24,,,,,,,,,,,,
3/9/24,,,,,,,,,,,,
3/10/24,,,,,,,,,,,,
3/11/24,,,,,,,,,,,,
3/12/24,,,,,,,,,,,,
3/13/24,,,,,,,,,,,,
3/14/24,,,,,,,,,,,,
3/15/24,,,,,,,,,,,,
3/16/24,,,,,,,,,,,,
3/17/24,,,,,,,,,,,,
3/18/24,,,,,,,,,,,,
3/19/24,,,,,,,,,,,,
3/20/24,,,,,,,,,,,,
3/21/24,,,,,,,,,,,,
3/22/24,,,,,,,,,,,,
3/23/24,,,,,,,,,,,,
3/24/24,,,,,,,,,,,,
3/25/24,,,,,,,,,,,,
3/26/24,,,,,,,,,,,,
3/27/24,,,,,,,,,,,,
3/28/24,,,,,,,,,,,,
3/29/24,,,,,,,,,,,,
3/30/24,,,,,,,,,,,,
3/31/24,,,,,,,,,,,,
4/1/24,,,,,,,,,,,,
4/2/24,,,,,,,,,,,,
4/3/24,,,,,,,,,,,,
4/4/24,,,,,,,,,,,,
4/5/24,,,,,,,,,,,,
4/6/24,,,,,,,,,,,,
4/7/24,,,,,,,,,,,,
4/8/24,,,,,,,,,,,,
4/9/24,,,,,,,,,,,,
4/10/24,,,,,,,,,,,,
4/11/24,,,,,,,,,,,,
4/12/24,,,,,,,,,,,,
4/13/24,,,,,,,,,,,,
4/14/24,,,,,,,,,,,,
4/15/24,,,,,,,,,,,,
4/16/24,,,,,,,,,,,,
4/17/24,,,,,,,,,,,,
4/18/24,,,,,,,,,,,,
4/19/24,,,,,,,,,,,,
4/20/24,,,,,,,,,,,,
4/21/24,,,,,,,,,,,,
4/22/24,,,,,,,,,,,,
4/23/24,,,,,,,,,,,,
4/24/24,,,,,,,,,,,,
4/25/24,,,,,,,,,,,,
4/26/24,,,,,,,,,,,,
4/27/24,,,,,,,,,,,,
4/28/24,,,,,,,,,,,,
4/29/24,,,,,,,,,,,,
4/30/24,,,,,,,,,,,,
5/1/24,,,,,,,,,,,,
5/2/24,,,,,,,,,,,,
5/3/24,,,,,,,,,,,,
5/4/24,,,,,,,,,,,,
5/5/24,,,,,,,,,,,,
5/6/24,,,,,,,,,,,,
5/7/24,,,,,,,,,,,,
5/8/24,,,,,,,,,,,,
5/9/24,,,,,,,,,,,,
5/10/24,,,,,,,,,,,,
5/11/24,,,,,,,,,,,,
5/12/24,,,,,,,,,,,,
5/13/24,,,,,,,,,,,,
5/14/24,,,,,,,,,,,,
5/15/24,,,,,,,,,,,,
5/16/24,,,,,,,,,,,,
5/17/24,,,,,,,,,,,,
5/18/24,,,,,,,,,,,,
5/19/24,,,,,,,,,,,,
5/20/24,,,,,,,,,,,,
5/21/24,,,,,,,,,,,,
5/22/24,,,,,,,,,,,,
5/23/24,,,,,,,,,,,,
5/24/24,,,,,,,,,,,,
5/25/24,,,,,,,,,,,,
5/26/24,,,,,,,,,,,,
5/27/24,,,,,,,,,,,,
5/28/24,,,,,,,,,,,,
5/29/24,,,,,,,,,,,,
5/30/24,,,,,,,,,,,,
5/31/24,,,,,,,,,,,,
6/1/24,,,,,,,,,,,,
6/2/24,,,,,,,,,,,,
6/3/24,,,,,,,,,,,,
6/4/24,,,,,,,,,,,,
6/5/24,,,,,,,,,,,,
6/6/24,,,,,,,,,,,,
6/7/24,,,,,,,,,,,,
6/8/24,,,,,,,,,,,,
6/9/24,,,,,,,,,,,,
6/10/24,,,,,,,,,,,,
6/11/24,,,,,,,,,,,,
6/12/24,,,,,,,,,,,,
6/13/24,,,,,,,,,,,,
6/14/24,,,,,,,,,,,,
6/15/24,,,,,,,,,,,,
6/16/24,,,,,,,,,,,,
6/17/24,,,,,,,,,,,,
6/18/24,,,,,,,,,,,,
6/19/24,,,,,,,,,,,,
6/20/24,,,,,,,,,,,,
6/21/24,,,,,,,,,,,,
6/22/24,,,,,,,,,,,,
6/23/24,,,,,,,,,,,,
6/24/24,,,,,,,,,,,,
6/25/24,,,,,,,,,,,,
6/26/24,,,,,,,,,,,,
6/27/24,,,,,,,,,,,,
6/28/24,,,,,,,,,,,,
6/29/24,,,,,,,,,,,,
6/30/24,,,,,,,,,,,,
7/1/24,,,,,,,,,,,,
7/2/24,,,,,,,,,,,,
7/3/24,,,,,,,,,,,,
7/4/24,,,,,,,,,,,,
7/5/24,,,,,,,,,,,,
7/6/24,,,,,,,,,,,,
7/7/24,,,,,,,,,,,,
7/8/24,,,,,,,,,,,,
7/9/24,,,,,,,,,,,,
7/10/24,,,,,,,,,,,,
7/11/24,,,,,,,,,,,,
7/12/24,,,,,,,,,,,,
7/13/24,,,,,,,,,,,,
7/14/24,,,,,,,,,,,,
7/15/24,,,,,,,,,,,,
7/16/24,,,,,,,,,,,,
7/17/24,,,,,,,,,,,,
7/18/24,,,,,,,,,,,,
7/19/24,,,,,,,,,,,,
7/20/24,,,,,,,,,,,,
7/21/24,,,,,,,,,,,,
7/22/24,,,,,,,,,,,,
7/23/24,,,,,,,,,,,,
7/24/24,,,,,,,,,,,,
7/25/24,,,,,,,,,,,,
7/26/24,,,,,,,,,,,,
7/27/24,,,,,,,,,,,,
7/28/24,,,,,,,,,,,,
7/29/24,,,,,,,,,,,,
7/30/24,,,,,,,,,,,,
7/31/24,,,,,,,,,,,,
8/1/24,,,,,,,,,,,,
8/2/24,,,,,,,,,,,,
8/3/24,,,,,,,,,,,,
8/4/24,,,,,,,,,,,,
8/5/24,,,,,,,,,,,,
8/6/24,,,,,,,,,,,,
8/7/24,,,,,,,,,,,,
8/8/24,,,,,,,,,,,,
8/9/24,,,,,,,,,,,,
8/10/24,,,,,,,,,,,,
8/11/24,,,,,,,,,,,,
8/12/24,,,,,,,,,,,,
8/13/24,,,,,,,,,,,,
8/14/24,,,,,,,,,,,,
8/15/24,,,,,,,,,,,,
8/16/24,,,,,,,,,,,,
8/17/24,,,,,,,,,,,,
8/18/24,,,,,,,,,,,,
8/19/24,,,,,,,,,,,,
8/20/24,,,,,,,,,,,,
8/21/24,,,,,,,,,,,,
8/22/24,,,,,,,,,,,,
8/23/24,,,,,,,,,,,,
8/24/24,,,,,,,,,,,,
8/25/24,,,,,,,,,,,,
8/26/24,,,,,,,,,,,,
8/27/24,,,,,,,,,,,,
8/28/24,,,,,,,,,,,,
8/29/24,,,,,,,,,,,,
8/30/24,,,,,,,,,,,,
8/31/24,,,,,,,,,,,,
9/1/24,,,,,,,,,,,,
9/2/24,,,,,,,,,,,,
9/3/24,,,,,,,,,,,,
9/4/24,,,,,,,,,,,,
9/5/24,,,,,,,,,,,,
9/6/24,,,,,,,,,,,,
9/7/24,,,,,,,,,,,,
9/8/24,,,,,,,,,,,,
9/9/24,,,,,,,,,,,,
9/10/24,,,,,,,,,,,,
9/11/24,,,,,,,,,,,,
9/12/24,,,,,,,,,,,,
9/13/24,,,,,,,,,,,,
9/14/24,,,,,,,,,,,,
9/15/24,,,,,,,,,,,,
9/16/24,,,,,,,,,,,,
9/17/24,,,,,,,,,,,,
9/18/24,,,,,,,,,,,,
9/19/24,,,,,,,,,,,,
9/20/24,,,,,,,,,,,,
9/21/24,,,,,,,,,,,,
9/22/24,,,,,,,,,,,,
9/23/24,,,,,,,,,,,,
9/24/24,,,,,,,,,,,,
9/25/24,,,,,,,,,,,,
9/26/24,,,,,,,,,,,,
9/27/24,,,,,,,,,,,,
9/28/24,,,,,,,,,,,,
9/29/24,,,,,,,,,,,,
9/30/24,,,,,,,,,,,,
10/1/24,,,,,,,,,,,,
10/2/24,,,,,,,,,,,,
10/3/24,,,,,,,,,,,,
10/4/24,,,,,,,,,,,,
10/5/24,,,,,,,,,,,,
10/6/24,,,,,,,,,,,,
10/7/24,,,,,,,,,,,,
10/8/24,,,,,,,,,,,,
10/9/24,,,,,,,,,,,,
10/10/24,,,,,,,,,,,,
10/11/24,,,,,,,,,,,,
10/12/24,,,,,,,,,,,,
10/13/24,,,,,,,,,,,,
10/14/24,,,,,,,,,,,,
10/15/24,,,,,,,,,,,,
10/16/24,,,,,,,,,,,,
10/17/24,,,,,,,,,,,,
10/18/24,,,,,,,,,,,,
10/19/24,,,,,,,,,,,,
10/20/24,,,,,,,,,,,,
10/21/24,,,,,,,,,,,,
10/22/24,,,,,,,,,,,,
10/23/24,,,,,,,,,,,,
10/24/24,,,,,,,,,,,,
10/25/24,,,,,,,,,,,,
10/26/24,,,,,,,,,,,,
10/27/24,,,,,,,,,,,,
10/28/24,,,,,,,,,,,,
10/29/24,,,,,,,,,,,,
10/30/24,,,,,,,,,,,,
10/31/24,,,,,,,,,,,,
11/1/24,,,,,,,,,,,,
11/2/24,,,,,,,,,,,,
11/3/24,,,,,,,,,,,,
11/4/24,,,,,,,,,,,,
11/5/24,,,,,,,,,,,,
11/6/24,,,,,,,,,,,,
11/7/24,,,,,,,,,,,,
11/8/24,,,,,,,,,,,,
11/9/24,,,,,,,,,,,,
11/10/24,,,,,,,,,,,,
11/11/24,,,,,,,,,,,,
11/12/24,,,,,,,,,,,,
11/13/24,,,,,,,,,,,,
11/14/24,,,,,,,,,,,,
11/15/24,,,,,,,,,,,,
11/16/24,,,,,,,,,,,,
11/17/24,,,,,,,,,,,,
11/18/24,,,,,,,,,,,,
11/19/24,,,,,,,,,,,,
11/20/24,,,,,,,,,,,,
11/21/24,,,,,,,,,,,,
11/22/24,,,,,,,,,,,,
11/23/24,,,,,,,,,,,,
11/24/24,,,,,,,,,,,,
11/25/24,,,,,,,,,,,,
11/26/24,,,,,,,,,,,,
11/27/24,,,,,,,,,,,,
11/28/24,,,,,,,,,,,,
11/29/24,,,,,,,,,,,,
11/30/24,,,,,,,,,,,,
12/1/24,,,,,,,,,,,,
12/2/24,,,,,,,,,,,,
12/3/24,,,,,,,,,,,,
12/4/24,,,,,,,,,,,,
12/5/24,,,,,,,,,,,,
12/6/24,,,,,,,,,,,,
12/7/24,,,,,,,,,,,,
12/8/24,,,,,,,,,,,,
12/9/24,,,,,,,,,,,,
12/10/24,,,,,,,,,,,,
12/11/24,,,,,,,,,,,,
12/12/24,,,,,,,,,,,,
12/13/24,,,,,,,,,,,,
12/14/24,,,,,,,,,,,,
12/15/24,,,,,,,,,,,,
12/16/24,,,,,,,,,,,,
12/17/24,,,,,,,,,,,,
12/18/24,,,,,,,,,,,,
12/19/24,,,,,,,,,,,,
12/20/24,,,,,,,,,,,,
12/21/24,,,,,,,,,,,,
12/22/24,,,,,,,,,,,,
12/23/24,,,,,,,,,,,,
12/24/24,,,,,,,,,,,,
12/25/24,,,,,,,,,,,,
12/26/24,,,,,,,,,,,,
12/27/24,,,,,,,,,,,,
12/28/24,,,,,,,,,,,,
12/29/24,,,,,,,,,,,,
12/30/24,,,,,,,,,,,,
12/31/24,,,,,,,,,,,,
1/1/25,,,,,,,,,,,,
1/2/25,,,,,,,,,,,,
1/3/25,,,,,,,,,,,,
1/4/25,,,,,,,,,,,,
1/5/25,,,,,,,,,,,,
1/6/25,,,,,,,,,,,,
1/7/25,,,,,,,,,,,,
1/8/25,,,,,,,,,,,,
1/9/25,,,,,,,,,,,,
1/10/25,,,,,,,,,,,,
1/11/25,,,,,,,,,,,,
1/12/25,,,,,,,,,,,,
1/13/25,,,,,,,,,,,,
1/14/25,,,,,,,,,,,,
1/15/25,,,,,,,,,,,,
1/16/25,,,,,,,,,,,,
1/17/25,,,,,,,,,,,,
1/18/25,,,,,,,,,,,,
1/19/25,,,,,,,,,,,,
1/20/25,,,,,,,,,,,,
1/21/25,,,,,,,,,,,,
1/22/25,,,,,,,,,,,,
1/23/25,,,,,,,,,,,,
1/24/25,,,,,,,,,,,,
1/25/25,,,,,,,,,,,,
1/26/25,,,,,,,,,,,,
1/27/25,,,,,,,,,,,,
1/28/25,,,,,,,,,,,,
1/29/25,,,,,,,,,,,,
1/30/25,,,,,,,,,,,,
1/31/25,,,,,,,,,,,,
2/1/25,,,,,,,,,,,,
2/2/25,,,,,,,,,,,,
2/3/25,,,,,,,,,,,,
2/4/25,,,,,,,,,,,,
2/5/25,,,,,,,,,,,,
2/6/25,,,,,,,,,,,,
2/7/25,,,,,,,,,,,,
2/8/25,,,,,,,,,,,,
2/9/25,,,,,,,,,,,,
2/10/25,,,,,,,,,,,,
2/11/25,,,,,,,,,,,,
2/12/25,,,,,,,,,,,,
2/13/25,,,,,,,,,,,,
2/14/25,,,,,,,,,,,,
2/15/25,,,,,,,,,,,,
2/16/25,,,,,,,,,,,,
2/17/25,,,,,,,,,,,,
2/18/25,,,,,,,,,,,,
2/19/25,,,,,,,,,,,,
2/20/25,,,,,,,,,,,,
2/21/25,,,,,,,,,,,,
2/22/25,,,,,,,,,,,,
2/23/25,,,,,,,,,,,,
2/24/25,,,,,,,,,,,,
2/25/25,,,,,,,,,,,,
2/26/25,,,,,,,,,,,,
2/27/25,,,,,,,,,,,,
2/28/25,,,,,,,,,,,,
3/1/25,,,,,,,,,,,,
3/2/25,,,,,,,,,,,,
3/3/25,,,,,,,,,,,,
3/4/25,,,,,,,,,,,,
3/5/25,,,,,,,,,,,,
3/6/25,,,,,,,,,,,,
3/7/25,,,,,,,,,,,,
3/8/25,,,,,,,,,,,,
3/9/25,,,,,,,,,,,,
3/10/25,,,,,,,,,,,,
3/11/25,,,,,,,,,,,,
3/12/25,,,,,,,,,,,,
3/13/25,,,,,,,,,,,,
3/14/25,,,,,,,,,,,,
3/15/25,,,,,,,,,,,,
3/16/25,,,,,,,,,,,,
3/17/25,,,,,,,,,,,,
3/18/25,,,,,,,,,,,,
3/19/25,,,,,,,,,,,,
3/20/25,,,,,,,,,,,,
3/21/25,,,,,,,,,,,,
3/22/25,,,,,,,,,,,,
3/23/25,,,,,,,,,,,,
3/24/25,,,,,,,,,,,,
3/25/25,,,,,,,,,,,,
3/26/25,,,,,,,,,,,,
3/27/25,,,,,,,,,,,,
3/28/25,,,,,,,,,,,,
3/29/25,,,,,,,,,,,,
3/30/25,,,,,,,,,,,,
3/31/25,,,,,,,,,,,,
4/1/25,,,,,,,,,,,,
4/2/25,,,,,,,,,,,,
4/3/25,,,,,,,,,,,,
4/4/25,,,,,,,,,,,,
4/5/25,,,,,,,,,,,,
4/6/25,,,,,,,,,,,,
4/7/25,,,,,,,,,,,,
4/8/25,,,,,,,,,,,,
4/9/25,,,,,,,,,,,,
4/10/25,,,,,,,,,,,,
4/11/25,,,,,,,,,,,,
4/12/25,,,,,,,,,,,,
4/13/25,,,,,,,,,,,,
4/14/25,,,,,,,,,,,,
4/15/25,,,,,,,,,,,,
4/16/25,,,,,,,,,,,,
4/17/25,,,,,,,,,,,,
4/18/25,,,,,,,,,,,,
4/19/25,,,,,,,,,,,,
4/20/25,,,,,,,,,,,,
4/21/25,,,,,,,,,,,,
4/22/25,,,,,,,,,,,,
4/23/25,,,,,,,,,,,,
4/24/25,,,,,,,,,,,,
4/25/25,,,,,,,,,,,,
4/26/25,,,,,,,,,,,,
4/27/25,,,,,,,,,,,,
4/28/25,,,,,,,,,,,,
4/29/25,,,,,,,,,,,,
4/30/25,,,,,,,,,,,,
5/1/25,,,,,,,,,,,,
5/2/25,,,,,,,,,,,,
5/3/25,,,,,,,,,,,,
5/4/25,,,,,,,,,,,,
5/5/25,,,,,,,,,,,,
5/6/25,,,,,,,,,,,,
5/7/25,,,,,,,,,,,,
5/8/25,,,,,,,,,,,,
5/9/25,,,,,,,,,,,,
5/10/25,,,,,,,,,,,,
5/11/25,,,,,,,,,,,,
5/12/25,,,,,,,,,,,,
5/13/25,,,,,,,,,,,,
5/14/25,,,,,,,,,,,,
5/15/25,,,,,,,,,,,,
5/16/25,,,,,,,,,,,,
5/17/25,,,,,,,,,,,,
5/18/25,,,,,,,,,,,,
5/19/25,,,,,,,,,,,,
5/20/25,,,,,,,,,,,,
5/21/25,,,,,,,,,,,,
5/22/25,,,,,,,,,,,,
5/23/25,,,,,,,,,,,,
5/24/25,,,,,,,,,,,,
5/25/25,,,,,,,,,,,,
5/26/25,,,,,,,,,,,,
5/27/25,,,,,,,,,,,,
5/28/25,,,,,,,,,,,,
5/29/25,,,,,,,,,,,,
5/30/25,,,,,,,,,,,,
5/31/25,,,,,,,,,,,,
6/1/25,,,,,,,,,,,,