Date,BRENT,MSCI,3M Treasury,ADX,DFM,EGX30,QATAR,Tadawul
02/01/2020,66.25,2375.94,1.5256,1388.58317,753.90417,866.45223,2872.59858,2238.42668
09/01/2020,65.37,2379.85,1.5231,1381.96635,748.54607,858.02732,2849.75716,2224.35235
16/01/2020,64.62,2406.17,1.5461,1410.05282,770.01906,873.23353,2920.40237,2254.80423
23/01/2020,62.04,2406.14,1.5487,1427.9028,772.66267,870.7402,2900.37128,2235.46581
30/01/2020,58.29,2372.01,1.5512,1403.80833,759.71141,881.0675,2848.72732,2198.03561
06/02/2020,54.93,2416.48,1.5589,1385.02886,754.03757,894.96805,2784.7237,2146.57479
13/02/2020,56.34,2429.89,1.5717,1371.48489,744.27444,882.79563,2686.74761,2099.45077
20/02/2020,59.31,2420.21,1.5717,1370.31037,745.30629,881.20653,2710.53206,2134.62092
27/02/2020,52.18,2177.25,1.4207,1334.44841,705.14566,832.17804,2590.10371,2033.19385
05/03/2020,49.99,2192.35,0.6109,1264.07912,669.88103,789.40084,2540.77238,1989.74687
12/03/2020,33.22,1776.52,0.3027,1067.84155,553.25892,713.06486,2244.75931,1692.28271
19/03/2020,28.47,1694.45,-0.0254,1003.42009,495.30084,584.32174,2336.30891,1668.45734
26/03/2020,26.34,1875.56,-0.1372,1026.57973,492.53219,629.15588,2294.77673,1682.24408
02/04/2020,29.94,1803.07,0.0458,1023.20982,469.05067,600.31872,2295.33786,1792.03239
09/04/2020,31.48,1970.67,0.1933,1119.97686,498.23577,654.04263,2450.33253,1861.87616
16/04/2020,27.82,1964.33,0.1119,1080.72693,506.34087,644.7677,2340.06003,1765.62567
23/04/2020,21.33,1974.38,0.0966,1106.1786,514.85434,641.22537,2310.79143,1756.38878
30/04/2020,25.27,2052.85,0.0788,1151.74789,551.75878,670.41702,2386.72386,1888.46409
07/05/2020,29.46,2026.12,0.0839,1105.80561,523.44405,646.01444,2396.78043,1764.07984
14/05/2020,31.13,1999.89,0.1093,1107.27634,515.78274,653.50888,2381.52399,1787.85733
21/05/2020,36.06,2074.1,0.1068,1119.73537,527.86747,637.29836,2418.08421,1877.17252
28/05/2020,35.29,2148.33,0.1424,1121.5132,534.02668,637.29836,2418.08421,1877.17252
04/06/2020,39.99,2218.5,0.142,1171.55949,555.26273,654.12789,2519.28387,1919.77094
11/06/2020,38.55,2154.44,0.1602,1169.31037,572.62456,669.26912,2509.0625,1947.46237
18/06/2020,41.51,2215.64,0.1445,1183.03322,565.85353,670.95126,2533.34602,1960.72504
25/06/2020,41.05,2193.4,0.1369,1166.78138,568.06698,673.82411,2502.85302,1927.80147
02/07/2020,43.14,2227.65,0.1369,1173.89627,561.2551,666.34828,2509.16297,1949.35885
09/07/2020,42.35,2240.73,0.1246,1169.47536,566.89082,685.04067,2547.21531,1977.30411
16/07/2020,43.37,2288.81,0.104,1163.7517,558.8538,653.74766,2545.635,1980.15251
23/07/2020,43.31,2308.12,0.1014,1160.10509,558.84835,654.13339,2560.48158,1980.10505
30/07/2020,42.94,2304.01,0.0862,1171.99455,558.33651,663.56113,2556.11733,1988.64539
06/08/2020,45.09,2359.89,0.0864,1186.92758,573.81977,677.39732,2566.27948,1999.51212
13/08/2020,44.96,2390.08,0.0938,1194.30139,586.82276,686.97382,2618.76568,2054.30232
20/08/2020,44.9,2389.15,0.0887,1236.88693,608.6689,700.53733,2669.50366,2091.03367
27/08/2020,45.09,2442.79,0.0938,1234.72529,617.82467,722.28979,2690.11106,2115.56592
03/09/2020,44.07,2425.78,0.0991,1239.36809,621.48108,708.78564,2668.31783,2145.01413
10/09/2020,40.06,2367.8,0.104,1230.36619,618.16499,702.5135,2649.60109,2168.73984
17/09/2020,43.3,2383.54,0.0837,1228.04329,631.87313,701.16301,2694.3252,2222.90117
24/09/2020,41.94,2300.3,0.0913,1216.12415,613.19085,691.63054,2659.86141,2195.9021
01/10/2020,40.93,2380.02,0.0864,1222.9853,616.85271,701.64311,2720.84296,2211.48258
08/10/2020,43.34,2427.36,0.0887,1228.56112,602.86414,721.03658,2715.05548,2242.62903
15/10/2020,43.16,2435.93,0.0938,1239.95943,597.5034,721.22388,2713.55767,2280.46336
22/10/2020,42.46,2421,0.0887,1240.6055,595.03131,699.38193,2700.57492,2267.68517
29/10/2020,37.65,2318.44,0.0864,1268.72938,595.66022,669.89769,2628.07322,2108.44421
05/11/2020,40.93,2466.58,0.0862,1284.51212,588.19494,677.47361,2685.52885,2156.81909
12/11/2020,43.53,2509.24,0.0862,1322.05336,616.09856,704.28557,2773.65019,2248.94684
19/11/2020,44.2,2546.31,0.0583,1337.79308,630.57718,696.89938,2735.49391,2287.2737
26/11/2020,47.8,2590.15,0.0788,1353.64362,658.86197,701.99072,2777.38192,2317.8878
03/12/2020,48.71,2621.28,0.0761,1351.73918,658.75306,702.97656,2822.8294,2312.70861
10/12/2020,50.25,2628.59,0.071,1391.05121,693.41392,699.34377,2830.91057,2304.44415
17/12/2020,51.5,2674.87,0.0811,1398.09937,694.33433,690.09144,2833.9716,2321.97345
24/12/2020,51.29,2659.04,0.0811,1395.60919,688.1565,681.62448,2863.63043,2318.92137
31/12/2020,51.8,2690.04,0.0583,1373.62265,678.4563,689.05606,2828.17344,2316.03454
07/01/2021,54.38,2734.19,0.0786,1405.86687,714.85434,697.4597,2913.58254,2328.92632
14/01/2021,56.42,2738.09,0.0735,1433.9009,735.73101,731.17579,2977.85266,2372.03252
21/01/2021,56.1,2765.57,0.071,1527.71685,744.789,740.95657,2935.0328,2366.2437
28/01/2021,55.53,2710.6,0.0532,1536.01143,734.318,737.2991,2884.96306,2348.03775
04/02/2021,58.84,2757.66,0.0228,1542.0923,727.15491,739.17103,2842.33243,2297.36351
11/02/2021,61.14,2807.16,0.0355,1542.88919,716.98339,738.73754,2877.98594,2384.4544
18/02/2021,63.93,2802.92,0.0279,1536.30547,701.42118,726.64381,2787.88331,2406.07636
25/02/2021,66.88,2760.26,0.033,1532.26055,688.12415,739.8152,2739.01759,2451.65178
04/03/2021,66.74,2706.48,0.0304,1549.89055,699.51538,722.18711,2698.36548,2463.68822
11/03/2021,69.63,2806.07,0.0279,1534.66567,700.64797,717.38853,2757.90155,2556.33499
18/03/2021,63.28,2802.27,-0.0025,1561.58263,708.93275,696.32209,2781.36302,2529.18466
25/03/2021,61.95,2775.06,0.0152,1559.15244,679.43859,692.14352,2744.47233,2511.12148
01/04/2021,64.86,2840.19,0.0127,1617.62075,696.34359,672.47683,2826.2973,2638.53456
08/04/2021,63.2,2895.61,0.0101,1649.61993,703.20447,655.78836,2832.75468,2669.75895
15/04/2021,66.94,2941.75,0.0051,1669.39613,716.85543,646.97504,2932.77184,2663.09025
22/04/2021,65.4,2923.91,0.0152,1661.21127,714.86796,675.15509,2927.10391,2702.20516
29/04/2021,68.56,2963.31,0.0025,1646.28533,709.33297,668.17585,2941.07817,2778.09834
06/05/2021,68.09,2952.03,0.0101,1674.95045,725.27362,675.81684,2926.59683,2727.26909
13/05/2021,67.05,2892.48,0.0076,1690.5603,734.01307,686.53184,2948.78273,2752.49447
20/05/2021,65.11,2942.21,0.0025,1774.53063,748.96815,684.44495,2886.65317,2757.07277
27/05/2021,69.46,2970.64,0.0025,1782.78955,766.80098,653.04964,2913.16103,2805.05573
03/06/2021,71.31,2972.87,0.0127,1798.56466,768.86469,640.8787,2914.49322,2852.65179
10/06/2021,72.52,3007.46,0.0203,1828.51511,773.86605,636.7802,2894.23212,2878.79103
17/06/2021,73.08,2996.51,0.0253,1809.64607,779.37925,629.76139,2903.63514,2894.01099
24/06/2021,75.56,3013.36,0.0431,1790.37463,777.85734,656.09605,2907.45144,2911.75937
01/07/2021,75.84,3028.2,0.0406,1878.37517,766.82821,654.12117,2916.96086,2927.35635
08/07/2021,74.12,3022.24,0.0456,1895.7871,756.80643,649.27581,2930.53784,2885.89976
15/07/2021,73.47,3043.52,0.038,1924.57964,747.14947,672.43601,2888.93991,2877.84532
22/07/2021,73.79,3046.6,0.0406,1923.5309,747.07596,678.64041,2888.93991,2877.84532
29/07/2021,76.05,3089.82,0.0431,1992.4269,752.98394,684.10518,2898.45822,2936.25287
05/08/2021,71.29,3102.23,0.0456,2019.948,767.86551,682.65724,2980.35792,2988.93955
12/08/2021,71.31,3115.74,0.0431,2067.61476,766.30275,693.35975,2947.48178,3019.25077
19/08/2021,66.45,3063.22,0.0456,2074.65532,772.73074,688.51801,2981.76905,2986.86505
26/08/2021,71.07,3110.27,0.0431,2075.96325,789.55078,708.57509,3002.7478,2967.14926
02/09/2021,73.03,3161.46,0.0406,2083.57691,792.91315,719.65766,2998.28301,3018.22957
09/09/2021,71.45,3136.04,0.0355,2140.09611,791.60359,703.76828,3007.56476,3044.17575
16/09/2021,75.67,3122.57,0.0279,2146.26137,789.83392,699.71303,3031.29185,3045.97723
23/09/2021,77.25,3106.42,0.0228,2130.35475,773.09284,677.88316,3054.49185,3004.76419
30/09/2021,78.52,3006.6,0.033,2096.0569,774.7046,669.00099,3125.23265,3064.96387
07/10/2021,81.95,3046.57,0.0431,2098.92458,754.81623,671.03926,3147.397,3090.85649
14/10/2021,84,3084.59,0.0355,2126.7615,759.46365,699.41607,3181.30813,3119.0141
21/10/2021,84.61,3152.33,0.0456,2144.37299,777.9254,709.1439,3239.13506,3183.12405
28/10/2021,84.32,3179.44,0.0456,2143.35747,778.9627,732.3606,3224.94674,3134.7658
04/11/2021,80.54,3224.63,0.033,2182.11135,846.08494,739.69018,3266.91108,3133.17604
11/11/2021,82.87,3201.99,0.0431,2255.81732,855.15383,736.21888,3294.30369,3172.54306
18/11/2021,81.24,3226.37,0.0482,2273.14157,888.95726,722.13737,3266.02985,3121.62126
25/11/2021,82.22,3202.44,0.0532,2301.64879,863.12823,727.13186,3210.17697,3011.98187
02/12/2021,69.67,3111.17,0.0355,2326.85026,836.62129,720.41385,3162.88129,2900.91697
09/12/2021,74.42,3172.49,0.0482,2418.52487,878.39582,734.23617,3166.05177,2915.7906
16/12/2021,75.02,3167.33,0.0304,2411.1364,891.14892,741.24594,3181.54621,3013.85181
23/12/2021,76.85,3206.08,0.0558,2295.49769,856.12034,748.31691,3188.7868,3001.1609
30/12/2021,79.32,3237.07,0.0304,2311.01634,870.1089,760.80836,3164.77746,3004.21005
06/01/2022,81.99,3184.62,0.0913,2285.54996,870.04901,766.48168,3260.83981,3045.86176
13/01/2022,84.47,3182.06,0.1141,2294.1492,875.19739,765.61757,3361.01501,3219.26654
20/01/2022,88.38,3082.25,0.1648,2363.62646,862.79608,745.34371,3419.9754,3276.54084
27/01/2022,89.34,2955.34,0.1902,2377.84645,868.03703,730.66879,3415.32833,3246.26046
03/02/2022,91.11,3052.5,0.1902,2376.26463,858.3719,739.73228,3459.95352,3236.41452
10/02/2022,91.41,3087.98,0.3704,2430.43561,884.92513,736.8624,3504.01587,3270.17352
17/02/2022,92.97,3009.09,0.3374,2506.81187,906.62946,733.01052,3486.27156,3325.21521
24/02/2022,99.08,2905.94,0.3019,2469.96188,891.47291,693.71314,3460.78861,3278.05411
03/03/2022,110.46,2942.45,0.3247,2653.24258,948.00708,718.32807,3691.53277,3400.14127
10/03/2022,109.33,2871.52,0.3577,2615.26817,920.89028,664.90205,3732.51198,3381.00011
17/03/2022,106.64,2981.31,0.3755,2615.91887,928.35285,682.38692,3673.08293,3403.48899
24/03/2022,119.03,3041.48,0.472,2652.72802,920.08712,638.80457,3730.69787,3451.79409
31/03/2022,107.91,3053.07,0.4822,2708.6251,960.14157,614.84022,3706.69953,3489.4706
07/04/2022,100.58,3014.08,0.6703,2721.5682,957.07596,605.21154,3859.81152,3549.82669
14/04/2022,111.7,2960.64,0.7491,2713.36274,976.06251,580.46711,3864.05964,3632.38486
21/04/2022,108.33,2959.92,0.7873,2751.73428,997.22842,567.80643,3843.92012,3608.59596
28/04/2022,107.59,2861.55,0.8026,2751.12714,1012.9676,597.57674,3716.89047,3661.09615
05/05/2022,110.9,2784.12,0.8102,2744.13558,1016.526,597.57674,3716.89047,3661.09615
12/05/2022,107.45,2639.75,0.9273,2511.02369,905.682,582.70065,3598.5024,3421.74296
19/05/2022,112.04,2651.55,0.9833,2680.67247,923.01933,577.15078,3479.81849,3313.06249
26/05/2022,117.4,2743.96,1.0317,2598.38552,897.37544,548.26098,3498.84358,3340.71131
02/06/2022,117.61,2814.03,1.1158,2683.10373,924.58481,536.51804,3494.91331,3360.52947
09/06/2022,123.07,2721.85,1.2535,2625.7174,918.49986,547.08297,3577.07537,3359.51435
16/06/2022,119.81,2490.54,1.4908,2587.72665,893.11734,526.42882,3423.36831,3151.2459
23/06/2022,110.05,2549.05,1.57,2516.87449,870.93384,502.73741,3201.26379,3013.52676
30/06/2022,114.81,2546.19,1.6262,2552.3278,877.5633,490.68479,3321.4276,3070.73762
07/07/2022,104.65,2602.03,1.8588,2511.00735,846.41165,464.07542,3290.57862,3041.00474
14/07/2022,99.1,2520.92,2.3249,2516.73019,858.66322,464.07542,3220.99335,2972.92072
21/07/2022,103.86,2663.84,2.4095,2613.03567,886.48788,490.98919,3451.6893,3189.90181
28/07/2022,107.14,2709.82,2.3275,2603.93684,898.77484,495.24122,3570.62585,3236.07465
04/08/2022,94.12,2761.65,2.3967,2673.06017,904.07569,524.44518,3639.90204,3270.94044
11/08/2022,99.6,2802.23,2.5147,2803.85788,921.75334,521.37358,3734.451,3336.19808
18/08/2022,96.59,2826.41,2.62,2749.05799,934.50858,527.02762,3806.76986,3360.418
25/08/2022,99.34,2768.48,2.7846,2728.48897,942.73074,535.98514,3726.82391,3351.54112
01/09/2022,92.36,2610.26,2.9077,2646.22107,929.65151,516.70567,3580.87193,3231.06091
08/09/2022,89.15,2636.17,3.0029,2664.26082,914.60114,531.19809,3517.29458,3148.49815
15/09/2022,90.84,2592,3.1084,2727.79744,942.76613,518.91655,3595.90823,3148.7503
22/09/2022,90.46,2489.36,3.1728,2748.06153,934.8489,509.60932,3438.15092,3046.46075
29/09/2022,88.49,2401.32,3.2809,2672.53471,902.96216,502.9149,3447.92776,3036.56017
06/10/2022,94.42,2478.42,3.3685,2693.1609,912.37136,509.1746,3538.9651,3128.40304
13/10/2022,94.57,2411.69,3.6961,2640.04901,911.92213,501.25087,3454.63806,3039.40499
20/10/2022,92.38,2429.26,3.9621,2758.08603,925.2709,526.03302,3437.28648,3183.86204
27/10/2022,96.96,2523.59,4.0009,2803.22897,916.68119,478.26267,3326.27153,3116.30073
03/11/2022,94.67,2467.89,4.1276,2826.56212,906.76577,464.37142,3344.04076,3043.22807
10/11/2022,93.67,2636.55,4.1572,2891.21427,921.35584,482.03366,3419.73312,2981.99372
17/11/2022,89.78,2642.34,4.1974,2838.26028,907.57964,510.51816,3334.6157,2964.48583
24/11/2022,85.34,2706.01,4.2207,2868.13504,905.34441,520.06235,3233.58038,2910.63541
01/12/2022,86.88,2741.08,4.2673,2872.95671,904.97141,555.24152,3269.19478,2879.43649
08/12/2022,76.15,2670.27,4.2414,2797.08685,902.37953,603.15391,3132.6953,2724.0755
15/12/2022,81.21,2636.91,4.288,2768.77604,902.71749,613.32612,3001.49025,2735.64972
22/12/2022,80.98,2595.25,4.3061,2808.1661,904.86045,585.86483,3007.50999,2717.03769
29/12/2022,82.26,2611.98,4.376,2795.559,906.38512,589.73475,2922.95715,2786.89859
05/01/2023,78.69,2594.69,4.5937,2791.52736,902.9676,589.9791,3036.45552,2802.58389
12/01/2023,84.03,2720.09,4.5755,2764.22271,902.0991,525.45496,3014.15446,2860.16771
19/01/2023,86.16,2685.32,4.6377,2774.73727,912.9077,538.54493,2964.96805,2844.06134
26/01/2023,87.47,2777.62,4.6637,2722.65995,914.07296,561.68266,3048.89133,2882.85204
02/02/2023,82.17,2847.82,4.6118,2684.02396,916.2129,536.94817,2932.57675,2851.8334
09/02/2023,84.5,2790.53,4.7259,2725.46692,938.11598,577.55022,2857.98103,2774.5783
16/02/2023,85.14,2790.63,4.783,2712.42581,944.6202,572.46898,2911.79609,2812.47
23/02/2023,82.21,2737.41,4.8064,2680.30439,928.93082,555.30917,2869.19009,2706.10341
02/03/2023,84.75,2719.68,4.8427,2686.74072,935.47061,547.56571,2910.88243,2738.4722
09/03/2023,81.59,2691.17,4.9491,2684.79551,928.36682,532.60708,2937.51026,2787.13407
16/03/2023,74.7,2677.99,4.5937,2570.828,900.37575,477.37899,2707.67486,2656.04867
23/03/2023,75.91,2696.85,4.5963,2600.4629,915.95643,504.86706,2728.34356,2780.8838
30/03/2023,79.27,2759.71,4.7752,2580.83699,932.70891,531.42656,2784.6244,2821.3182
06/04/2023,85.12,2790.1,4.7941,2578.76436,929.75004,540.77265,2816.18244,2906.98883
13/04/2023,86.09,2829.2,4.9569,2602.82664,949.68684,571.97461,2758.34062,2923.05457
20/04/2023,81.1,2822.54,5.0582,2623.43554,945.20996,566.79243,2713.13079,2976.31705
27/04/2023,78.37,2815.77,5.144,2655.36069,957.46576,575.97228,2779.55616,3005.0096
04/05/2023,72.5,2779.26,5.1986,2634.45712,977.81106,558.83311,2915.0411,2964.61005
11/05/2023,74.98,2814.86,5.1492,2633.32153,971.87713,559.02332,2946.35471,3037.66964
18/05/2023,75.86,2840.12,5.2246,2589.50708,968.27342,541.91283,2919.74763,3024.93134
25/05/2023,76.26,2796.86,5.2818,2559.98475,960.16176,551.46281,2868.98614,2982.31341
01/06/2023,74.28,2831.66,5.3433,2550.14022,975.28384,567.22645,2800.02743,2936.7718
08/06/2023,75.96,2882.13,5.2272,2546.16788,1004.01045,566.1585,2812.89181,3038.91318
15/06/2023,75.67,2966.43,5.1998,2555.1281,1016.70615,578.78362,2817.3405,3070.56126
22/06/2023,74.14,2930.37,5.2885,2594.09475,1028.14865,572.96882,2773.74228,3054.83192
29/06/2023,74.34,2933.86,5.325,2600.16335,1032.39586,571.7829,2764.10228,3054.83192
06/07/2023,76.52,2924.55,5.3521,2614.86796,1078.79662,553.50115,2812.01592,3091.53938
13/07/2023,81.36,3019.71,5.385,2621.02913,1090.30493,561.36815,2802.71019,3120.68396
20/07/2023,79.64,3029.7,5.4033,2621.64715,1085.31446,570.76384,2866.66026,3133.91448
27/07/2023,84.24,3034.41,5.4163,2657.0814,1096.98884,561.31083,2988.91358,3158.38132
03/08/2023,85.14,2990.13,5.3989,2663.62919,1102.96216,563.80083,2963.49616,3032.24757
10/08/2023,86.4,2984.81,5.4268,2696.5015,1102.3278,573.06774,2944.89919,3044.88926
17/08/2023,84.12,2901.84,5.4085,2662.09366,1102.39314,581.67096,2900.31001,3053.43839
24/08/2023,83.36,2906.25,5.4641,2660.41003,1118.10558,589.37,2843.15183,3040.19725
31/08/2023,86.86,2986.02,5.4354,2670.82573,1111.55972,610.7894,2796.14372,3063.66642
07/09/2023,89.92,2947.11,5.4424,2629.9401,1105.07759,626.93307,2807.14012,2990.1781
14/09/2023,93.7,2982.69,5.4607,2667.13586,1098.28478,631.34745,2829.68082,2973.83028
21/09/2023,93.3,2886.07,5.4581,2680.78578,1138.00915,649.77252,2830.53469,2918.9891
28/09/2023,95.38,2855.88,5.4614,2664.12197,1133.56384,653.00766,2811.44933,2947.78435
05/10/2023,84.07,2816.43,5.492,2657.81922,1127.93901,645.12423,2758.71419,2870.16744
12/10/2023,86,2884.06,5.4894,2611.4593,1104.60114,647.32553,2773.77004,2822.31464
19/10/2023,92.38,2824.45,5.4659,2566.93439,1036.82276,699.45543,2686.88322,2840.45854
26/10/2023,87.93,2740.96,5.4484,2516.2483,1029.6869,752.88031,2554.98286,2774.53353
02/11/2023,86.85,2852.55,5.4268,2582.74707,1065.45603,732.77479,2662.04468,2893.14922
09/11/2023,80.01,2878.98,5.4241,2594.39408,1069.83855,786.78006,2734.98629,2890.09864
16/11/2023,77.42,2973,5.3928,2615.66882,1084.84304,788.55902,2803.24713,2954.9556
23/11/2023,81.42,3008.74,5.4093,2595.84763,1085.05963,825.97771,2800.30174,2953.76083
30/11/2023,82.83,3023.63,5.3876,2603.15606,1087.15519,800.61984,2754.93004,2979.31071
07/12/2023,74.05,3037.45,5.3876,2578.95539,1077.35417,798.95398,2699.97258,2992.868
14/12/2023,76.61,3128.89,5.3746,2580.1857,1084.26455,799.39018,2722.9073,3076.71989
21/12/2023,79.39,3145.09,5.3667,2585.09503,1090.59522,786.48595,2822.14296,3098.10732
28/12/2023,78.39,3178.05,5.372,2603.99695,1102.57297,798.39845,2905.79229,3181.84533
04/01/2024,77.59,3114.12,5.3798,2627.45045,1112.87029,823.14122,2863.06012,3238.44123
11/01/2024,77.41,3157.32,5.3693,2680.43455,1121.20998,825.75079,2870.47175,3230.78502
18/01/2024,79.1,3143.2,5.3537,2646.23867,1103.42781,868.64141,2830.30885,3188.57516
25/01/2024,82.43,3212.32,5.3511,2620.99431,1136.30918,895.35432,2839.22349,3242.99619
01/02/2024,78.7,3226.8,5.3615,2578.29508,1149.05116,920.04239,2756.26988,3177.05928
08/02/2024,81.63,3266.14,5.3824,2549.03349,1132.34413,919.21025,2731.20373,3253.90113
15/02/2024,82.86,3289.74,5.3667,2560.71117,1154.1467,936.18498,2784.50148,3328.95768
22/02/2024,83.67,3329.86,5.398,2536.27651,1151.46342,948.38149,2824.50792,3369.06482
29/02/2024,83.62,3337.2,5.3798,2519.75551,1173.12478,937.59319,2871.96282,3367.9599
07/03/2024,82.96,3391.26,5.3798,2511.86528,1153.57892,634.27541,2805.02865,3353.47535
14/03/2024,85.42,3382.48,5.3902,2519.96079,1168.17056,655.16092,2811.41721,3394.00315
21/03/2024,85.78,3434.69,5.3772,2528.41389,1164.76787,622.86878,2799.8958,3422.56619
28/03/2024,87.48,3436.78,5.3618,2522.65882,1152.66727,581.47854,2726.51769,3350.45727
04/04/2024,90.65,3386.31,5.3545,2515.89696,1156.37458,602.06389,2692.12626,3387.29905
11/04/2024,89.74,3391.01,5.3928,2515.25119,1155.65691,599.4656,2721.70694,3387.29905
18/04/2024,87.11,3280.1,5.4007,2500.26412,1145.82857,586.2247,2695.09199,3333.07118
25/04/2024,89.01,3306.68,5.4059,2461.68151,1135.30725,541.08155,2642.96997,3267.52613
02/05/2024,83.67,3321.81,5.3954,2457.04367,1127.42866,544.62791,2635.6232,3293.42772
09/05/2024,83.88,3411.11,5.3902,2482.7743,1137.96352,548.5783,2642.08448,3275.40595
16/05/2024,83.27,3468.71,5.3954,2461.01552,1112.38225,557.26454,2661.2897,3252.83059
23/05/2024,81.36,3446.43,5.4033,2420.23359,1095.43437,576.99865,2623.07017,3198.41892
30/05/2024,81.86,3420.32,5.4085,2382.84781,1081.13531,569.75407,2556.54011,3066.94305
06/06/2024,79.87,3489.89,5.3902,2433.35693,1083.24258,556.36569,2614.26926,3082.2775
13/06/2024,82.75,3504.48,5.3755,2444.54941,1083.61285,553.74567,2651.83519,3064.91018
20/06/2024,85.71,3519.68,5.3677,2436.65668,1085.38797,553.74567,2661.62899,3064.91018
27/06/2024,86.39,3521.9,5.3677,2451.42663,1091.46747,578.14959,2732.19144,3126.73135
04/07/2024,87.43,3569.36,5.3824,2484.66963,1106.91786,591.04764,2762.80307,3107.8986
11/07/2024,85.4,3606.15,5.3391,2491.50558,1113.79799,589.27399,2791.35217,3144.05578
18/07/2024,85.11,3579.84,5.3339,2511.97386,1135.08576,593.93973,2751.75099,3249.4388
25/07/2024,82.37,3490.82,5.3052,2532.9186,1153.72992,601.78339,2769.32949,3205.36528
01/08/2024,79.52,3518.01,5.252,2550.11707,1165.23006,603.2065,2778.28817,3209.89687
08/08/2024,79.16,3427.78,5.2142,2519.77675,1142.37408,583.80619,2756.74171,3108.82784
15/08/2024,81.04,3568.1,5.2194,2514.82439,1148.56521,605.61565,2776.07885,3175.05263
22/08/2024,77.22,3607.63,5.1596,2551.30823,1173.20918,617.92239,2776.36039,3249.59495
29/08/2024,79.94,3632.16,5.1197,2513.69762,1180.0648,632.98846,2798.804,3236.29024
05/09/2024,72.69,3567.49,5.0582,2580.27226,1190.04628,640.52721,2831.79811,3223.17856
12/09/2024,71.97,3611.3,4.9621,2534.16102,1188.39881,629.67422,2852.29318,3156.16172
19/09/2024,74.88,3689.52,4.713,2586.5015,1203.78982,637.55399,2870.35056,3219.39825
26/09/2024,71.6,3720.51,4.6141,2590.22597,1232.40131,646.66474,2902.82281,3298.93362
03/10/2024,77.62,3675.89,4.5807,2508.43702,1197.41907,656.01113,2870.88854,3184.85551
10/10/2024,79.4,3710.71,4.6403,2518.58154,1208.15682,633.2184,2883.20165,3194.02961
17/10/2024,74.45,3737.87,4.6377,2525.76096,1213.90417,619.86523,2944.44902,3170.15788
24/10/2024,74.38,3707.18,4.6141,2503.63735,1215.3553,626.45851,2852.65641,3164.38422
31/10/2024,73.16,3647.14,4.5418,2539.59161,1249.94555,626.32536,2887.01926,3200.9452
07/11/2024,75.63,3787.27,4.5341,2577.24204,1264.40784,634.59288,2899.45679,3229.29056
14/11/2024,72.56,3752.7,4.5237,2559.09611,1287.56602,636.2403,2867.15481,3139.2918
21/11/2024,74.23,3753.51,4.5387,2535.62483,1287.66131,616.74103,2850.62937,3153.60358
28/11/2024,73.28,3789.28,4.4926,2521.2905,1313.19902,609.86791,2858.11248,3099.14277
05/12/2024,72.09,3848.48,4.4408,2525.65206,1312.37953,616.99254,2850.72559,3176.32104
12/12/2024,73.41,3826.08,4.3268,2525.42405,1310.03022,605.74229,2888.36004,3219.61948
19/12/2024,72.88,3696.05,4.3268,2524.72161,1373.99602,599.5104,2869.41754,3164.39785
26/12/2024,73.26,3778.7,4.3191,2552.86959,1391.77239,589.25983,2856.90261,3157.72559
02/01/2025,75.93,3702.68,4.3061,2537.9853,1403.03022,592.0086,2900.24143,3222.10538
09/01/2025,76.92,3732.14,4.3035,2576.27008,1423.72448,582.32553,2863.9887,3222.6292
16/01/2025,81.29,3746.86,4.2983,2588.1541,1425.49142,587.32859,2872.97045,3266.88879
23/01/2025,78.29,3856.17,4.3139,2598.11326,1428.95726,596.45499,2924.02556,3293.6202
30/01/2025,76.87,3853.49,4.2854,2609.27333,1403.51493,597.3939,2925.99369,3309.82645
06/02/2025,74.29,3864.03,4.3191,2603.7518,1427.98061,596.7494,2912.49417,3315.44451
13/02/2025,75.02,3894.24,4.3165,2629.65696,1448.18949,592.47231,2913.48771,3302.05028
20/02/2025,76.48,3893.65,4.3113,2619.03621,1464.79989,611.19114,2922.53676,3303.41858
27/02/2025,74.04,3767.35,4.2958,2617.33057,1459.71629,604.17091,2866.15174,3229.49552
06/03/2025,69.46,3730.93,4.2983,2595.62175,1435.93269,610.72599,2884.45036,3148.53784
13/03/2025,69.88,3599.67,4.2958,2562.35195,1411.7189,617.7788,2859.42609,3126.2344
20/03/2025,72,3693.55,4.2911,2550.52273,1397.04873,626.3746,2837.38308,3135.16568
27/03/2025,74.03,3696.16,4.2932,2556.62401,1394.07296,633.33821,2807.31667,3205.73965
03/04/2025,70.14,3532.64,4.288,2520.39422,1368.66135,626.61633,2807.31667,3167.102
10/04/2025,63.33,3421.91,4.3113,2484.30438,1354.22543,600.21351,2769.49604,3064.07565
17/04/2025,67.96,3474.06,4.3098,2520.89028,1378.0343,607.5645,2780.75171,3078.98833
24/04/2025,66.55,3596.16,4.2983,2566.00327,1414.59842,621.03455,2815.09315,3136.2507
01/05/2025,62.13,3663.74,4.2906,2601.67983,1435.55677,632.02271,2866.36945,3078.06575
08/05/2025,62.84,3707.89,4.3242,2622.85053,1446.79009,627.73721,2886.15638,3029.86376
15/05/2025,64.53,3842.19,4.3553,2620.45411,1469.81296,636.92877,2901.20168,3061.78188
22/05/2025,64.44,3818.9,4.3346,2632.05097,1484.59256,640.98815,2956.14454,2982.78905
29/05/2025,64.15,3862.34,4.3372,2653.30665,1495.45591,657.13473,2870.75479,2929.52607
05/06/2025,65.34,3889.67,4.332,2650.49144,1507.23679,657.91543,2896.58446,2934.07188
,,,,,,,,
,,,,,,,,
,,,,,,,,
,,,,,,,,
,,,,,,,,
,,,,,,,,
,,,,,,,,
,,,,,,,,
,,,,,,,,
,,,,,,,,
,,,,,,,,
,,,,,,,,
,,,,,,,,
,,,,,,,,
,,,,,,,,
,,,,,,,,
,,,,,,,,
,,,,,,,,
,,,,,,,,
,,,,,,,,
,,,,,,,,
,,,,,,,,
,,,,,,,,
,,,,,,,,
,,,,,,,,
,,,,,,,,
,,,,,,,,
,,,,,,,,
,,,,,,,,
,,,,,,,,
,,,,,,,,
,,,,,,,,
,,,,,,,,
,,,,,,,,
,,,,,,,,
,,,,,,,,
,,,,,,,,
,,,,,,,,
,,,,,,,,
,,,,,,,,
,,,,,,,,
,,,,,,,,
,,,,,,,,
,,,,,,,,
,,,,,,,,
,,,,,,,,
,,,,,,,,
,,,,,,,,
,,,,,,,,
,,,,,,,,
,,,,,,,,
,,,,,,,,
,,,,,,,,
,,,,,,,,
,,,,,,,,
,,,,,,,,
,,,,,,,,
,,,,,,,,
,,,,,,,,
,,,,,,,,
,,,,,,,,
,,,,,,,,
,,,,,,,,
,,,,,,,,
,,,,,,,,
,,,,,,,,
,,,,,,,,
,,,,,,,,
,,,,,,,,
,,,,,,,,
,,,,,,,,
,,,,,,,,
,,,,,,,,
,,,,,,,,
,,,,,,,,
,,,,,,,,
,,,,,,,,
,,,,,,,,
,,,,,,,,
,,,,,,,,
,,,,,,,,
,,,,,,,,
,,,,,,,,
,,,,,,,,
,,,,,,,,
,,,,,,,,
,,,,,,,,
,,,,,,,,
,,,,,,,,
,,,,,,,,
,,,,,,,,
,,,,,,,,
,,,,,,,,
,,,,,,,,
,,,,,,,,
,,,,,,,,
,,,,,,,,
,,,,,,,,
,,,,,,,,
,,,,,,,,
,,,,,,,,
,,,,,,,,
,,,,,,,,
,,,,,,,,
,,,,,,,,
,,,,,,,,
,,,,,,,,
,,,,,,,,
,,,,,,,,
,,,,,,,,
,,,,,,,,
,,,,,,,,
,,,,,,,,
,,,,,,,,
,,,,,,,,
,,,,,,,,
,,,,,,,,
,,,,,,,,
,,,,,,,,
,,,,,,,,
,,,,,,,,
,,,,,,,,
,,,,,,,,
,,,,,,,,
,,,,,,,,
,,,,,,,,
,,,,,,,,
,,,,,,,,
,,,,,,,,
,,,,,,,,
,,,,,,,,
,,,,,,,,
,,,,,,,,
,,,,,,,,
,,,,,,,,
,,,,,,,,
,,,,,,,,
,,,,,,,,
,,,,,,,,
,,,,,,,,
,,,,,,,,
,,,,,,,,
,,,,,,,,
,,,,,,,,
,,,,,,,,
,,,,,,,,
,,,,,,,,
,,,,,,,,
,,,,,,,,
,,,,,,,,
,,,,,,,,
,,,,,,,,
,,,,,,,,
,,,,,,,,
,,,,,,,,
,,,,,,,,
,,,,,,,,
,,,,,,,,
,,,,,,,,
,,,,,,,,
,,,,,,,,
,,,,,,,,
,,,,,,,,
,,,,,,,,
,,,,,,,,
,,,,,,,,
,,,,,,,,
,,,,,,,,
,,,,,,,,
,,,,,,,,
,,,,,,,,
,,,,,,,,
,,,,,,,,
,,,,,,,,
,,,,,,,,
,,,,,,,,
,,,,,,,,
,,,,,,,,
,,,,,,,,
,,,,,,,,
,,,,,,,,
,,,,,,,,
,,,,,,,,
,,,,,,,,
,,,,,,,,
,,,,,,,,
,,,,,,,,
,,,,,,,,
,,,,,,,,
,,,,,,,,
,,,,,,,,
,,,,,,,,
,,,,,,,,
,,,,,,,,
,,,,,,,,
,,,,,,,,
,,,,,,,,
,,,,,,,,
,,,,,,,,
,,,,,,,,
,,,,,,,,
,,,,,,,,
,,,,,,,,
,,,,,,,,
,,,,,,,,
,,,,,,,,
,,,,,,,,
,,,,,,,,
,,,,,,,,
,,,,,,,,
,,,,,,,,
,,,,,,,,
,,,,,,,,
,,,,,,,,
,,,,,,,,
,,,,,,,,
,,,,,,,,
,,,,,,,,
,,,,,,,,
,,,,,,,,
,,,,,,,,
,,,,,,,,
,,,,,,,,
,,,,,,,,
,,,,,,,,
,,,,,,,,
,,,,,,,,
,,,,,,,,
,,,,,,,,
,,,,,,,,
,,,,,,,,
,,,,,,,,
,,,,,,,,
,,,,,,,,
,,,,,,,,
,,,,,,,,
,,,,,,,,
,,,,,,,,
,,,,,,,,
,,,,,,,,
,,,,,,,,
,,,,,,,,
,,,,,,,,
,,,,,,,,
,,,,,,,,
,,,,,,,,
,,,,,,,,
,,,,,,,,
,,,,,,,,
,,,,,,,,
,,,,,,,,
,,,,,,,,
,,,,,,,,
,,,,,,,,
,,,,,,,,
,,,,,,,,
,,,,,,,,
,,,,,,,,
,,,,,,,,
,,,,,,,,
,,,,,,,,
,,,,,,,,
,,,,,,,,
,,,,,,,,
,,,,,,,,
,,,,,,,,
,,,,,,,,
,,,,,,,,
,,,,,,,,
,,,,,,,,
,,,,,,,,
,,,,,,,,
,,,,,,,,
,,,,,,,,
,,,,,,,,
,,,,,,,,
,,,,,,,,
,,,,,,,,
,,,,,,,,
,,,,,,,,
,,,,,,,,
,,,,,,,,
,,,,,,,,
,,,,,,,,
,,,,,,,,
,,,,,,,,
,,,,,,,,
,,,,,,,,
,,,,,,,,
,,,,,,,,
,,,,,,,,
,,,,,,,,
,,,,,,,,
,,,,,,,,
,,,,,,,,
,,,,,,,,
,,,,,,,,
,,,,,,,,
,,,,,,,,
,,,,,,,,
,,,,,,,,
,,,,,,,,
,,,,,,,,
,,,,,,,,
,,,,,,,,
,,,,,,,,
,,,,,,,,
,,,,,,,,
,,,,,,,,
,,,,,,,,
,,,,,,,,
,,,,,,,,
,,,,,,,,
,,,,,,,,
,,,,,,,,
,,,,,,,,
,,,,,,,,
,,,,,,,,
,,,,,,,,
,,,,,,,,
,,,,,,,,
,,,,,,,,
,,,,,,,,
,,,,,,,,
,,,,,,,,
,,,,,,,,
,,,,,,,,
,,,,,,,,
,,,,,,,,
,,,,,,,,
,,,,,,,,
,,,,,,,,
,,,,,,,,
,,,,,,,,
,,,,,,,,
,,,,,,,,
,,,,,,,,
,,,,,,,,
,,,,,,,,
,,,,,,,,
,,,,,,,,
,,,,,,,,
,,,,,,,,
,,,,,,,,
,,,,,,,,
,,,,,,,,
,,,,,,,,
,,,,,,,,
,,,,,,,,
,,,,,,,,
,,,,,,,,
,,,,,,,,
,,,,,,,,
,,,,,,,,
,,,,,,,,
,,,,,,,,
,,,,,,,,
,,,,,,,,
,,,,,,,,
,,,,,,,,
,,,,,,,,
,,,,,,,,
,,,,,,,,
,,,,,,,,
,,,,,,,,
,,,,,,,,
,,,,,,,,
,,,,,,,,
,,,,,,,,
,,,,,,,,
,,,,,,,,
,,,,,,,,
,,,,,,,,
,,,,,,,,
,,,,,,,,
,,,,,,,,
,,,,,,,,
,,,,,,,,
,,,,,,,,
,,,,,,,,
,,,,,,,,
,,,,,,,,
,,,,,,,,
,,,,,,,,
,,,,,,,,
,,,,,,,,
,,,,,,,,
,,,,,,,,
,,,,,,,,
,,,,,,,,
,,,,,,,,
,,,,,,,,
,,,,,,,,
,,,,,,,,
,,,,,,,,
,,,,,,,,
,,,,,,,,
,,,,,,,,
,,,,,,,,
,,,,,,,,
,,,,,,,,
,,,,,,,,
,,,,,,,,
,,,,,,,,
,,,,,,,,
,,,,,,,,
,,,,,,,,
,,,,,,,,
,,,,,,,,
,,,,,,,,
,,,,,,,,
,,,,,,,,
,,,,,,,,
,,,,,,,,
,,,,,,,,
,,,,,,,,
,,,,,,,,
,,,,,,,,
,,,,,,,,
,,,,,,,,
,,,,,,,,
,,,,,,,,
,,,,,,,,
,,,,,,,,
,,,,,,,,
,,,,,,,,
,,,,,,,,
,,,,,,,,
,,,,,,,,
,,,,,,,,
,,,,,,,,
,,,,,,,,
,,,,,,,,
,,,,,,,,
,,,,,,,,
,,,,,,,,
,,,,,,,,
,,,,,,,,
,,,,,,,,
,,,,,,,,
,,,,,,,,
,,,,,,,,
,,,,,,,,
,,,,,,,,
,,,,,,,,
,,,,,,,,
,,,,,,,,
,,,,,,,,
,,,,,,,,
,,,,,,,,
,,,,,,,,
,,,,,,,,
,,,,,,,,
,,,,,,,,
,,,,,,,,
,,,,,,,,
,,,,,,,,
,,,,,,,,
,,,,,,,,
,,,,,,,,
,,,,,,,,
,,,,,,,,
,,,,,,,,
,,,,,,,,
,,,,,,,,
,,,,,,,,
,,,,,,,,
,,,,,,,,
,,,,,,,,
,,,,,,,,
,,,,,,,,
,,,,,,,,
,,,,,,,,
,,,,,,,,
,,,,,,,,
,,,,,,,,
,,,,,,,,
,,,,,,,,
,,,,,,,,
,,,,,,,,
,,,,,,,,
,,,,,,,,
,,,,,,,,
,,,,,,,,
,,,,,,,,
,,,,,,,,
,,,,,,,,
,,,,,,,,
,,,,,,,,
,,,,,,,,
,,,,,,,,
,,,,,,,,
,,,,,,,,
,,,,,,,,
,,,,,,,,
,,,,,,,,
,,,,,,,,
,,,,,,,,
,,,,,,,,
,,,,,,,,
,,,,,,,,
,,,,,,,,
,,,,,,,,
,,,,,,,,
,,,,,,,,
,,,,,,,,
,,,,,,,,
,,,,,,,,
,,,,,,,,
,,,,,,,,
,,,,,,,,
,,,,,,,,
,,,,,,,,
,,,,,,,,
,,,,,,,,
,,,,,,,,
,,,,,,,,
,,,,,,,,
,,,,,,,,
,,,,,,,,
,,,,,,,,
,,,,,,,,
,,,,,,,,
,,,,,,,,
,,,,,,,,
,,,,,,,,
,,,,,,,,
,,,,,,,,
,,,,,,,,
,,,,,,,,
,,,,,,,,
,,,,,,,,
,,,,,,,,
,,,,,,,,
,,,,,,,,
,,,,,,,,
,,,,,,,,
,,,,,,,,
,,,,,,,,
,,,,,,,,
,,,,,,,,
,,,,,,,,
,,,,,,,,
,,,,,,,,
,,,,,,,,
,,,,,,,,
,,,,,,,,
,,,,,,,,
,,,,,,,,
,,,,,,,,
,,,,,,,,
,,,,,,,,
,,,,,,,,
,,,,,,,,
,,,,,,,,
,,,,,,,,
,,,,,,,,
,,,,,,,,
,,,,,,,,
,,,,,,,,
,,,,,,,,
,,,,,,,,
,,,,,,,,
,,,,,,,,
,,,,,,,,
,,,,,,,,
,,,,,,,,
,,,,,,,,
,,,,,,,,
,,,,,,,,
,,,,,,,,
,,,,,,,,
,,,,,,,,
,,,,,,,,
,,,,,,,,
,,,,,,,,
,,,,,,,,
,,,,,,,,
,,,,,,,,
,,,,,,,,
,,,,,,,,
,,,,,,,,
,,,,,,,,
,,,,,,,,
,,,,,,,,
,,,,,,,,
,,,,,,,,
,,,,,,,,
,,,,,,,,
,,,,,,,,
,,,,,,,,
,,,,,,,,
,,,,,,,,
,,,,,,,,
,,,,,,,,
,,,,,,,,
,,,,,,,,
,,,,,,,,
,,,,,,,,
,,,,,,,,
,,,,,,,,
,,,,,,,,
,,,,,,,,
,,,,,,,,
,,,,,,,,
,,,,,,,,
,,,,,,,,
,,,,,,,,
,,,,,,,,
,,,,,,,,
,,,,,,,,
,,,,,,,,
,,,,,,,,
,,,,,,,,
,,,,,,,,
,,,,,,,,
,,,,,,,,
,,,,,,,,
,,,,,,,,
,,,,,,,,
,,,,,,,,
,,,,,,,,
,,,,,,,,
,,,,,,,,
,,,,,,,,
,,,,,,,,
,,,,,,,,
,,,,,,,,
,,,,,,,,
,,,,,,,,
,,,,,,,,
,,,,,,,,
,,,,,,,,
,,,,,,,,
,,,,,,,,
,,,,,,,,
,,,,,,,,
,,,,,,,,
,,,,,,,,
,,,,,,,,
,,,,,,,,
,,,,,,,,
,,,,,,,,
,,,,,,,,
,,,,,,,,
,,,,,,,,
,,,,,,,,
,,,,,,,,
,,,,,,,,
,,,,,,,,
,,,,,,,,
,,,,,,,,
,,,,,,,,
,,,,,,,,
,,,,,,,,
,,,,,,,,
,,,,,,,,
,,,,,,,,
,,,,,,,,
,,,,,,,,
,,,,,,,,
,,,,,,,,
,,,,,,,,
,,,,,,,,
,,,,,,,,
,,,,,,,,
,,,,,,,,
,,,,,,,,
,,,,,,,,
,,,,,,,,
,,,,,,,,
,,,,,,,,
,,,,,,,,
,,,,,,,,
,,,,,,,,
,,,,,,,,
,,,,,,,,
,,,,,,,,
,,,,,,,,
,,,,,,,,
,,,,,,,,
,,,,,,,,
,,,,,,,,
,,,,,,,,
,,,,,,,,
,,,,,,,,
,,,,,,,,
,,,,,,,,
,,,,,,,,
,,,,,,,,
,,,,,,,,
,,,,,,,,
,,,,,,,,
,,,,,,,,
,,,,,,,,
,,,,,,,,
,,,,,,,,
,,,,,,,,
,,,,,,,,
,,,,,,,,
,,,,,,,,
,,,,,,,,
,,,,,,,,
,,,,,,,,
,,,,,,,,
,,,,,,,,
,,,,,,,,
,,,,,,,,
,,,,,,,,
,,,,,,,,
,,,,,,,,
,,,,,,,,
,,,,,,,,
,,,,,,,,
,,,,,,,,
,,,,,,,,
,,,,,,,,
,,,,,,,,
,,,,,,,,
,,,,,,,,
,,,,,,,,
,,,,,,,,
,,,,,,,,
,,,,,,,,
,,,,,,,,
,,,,,,,,
,,,,,,,,
,,,,,,,,
,,,,,,,,
,,,,,,,,
,,,,,,,,
,,,,,,,,
,,,,,,,,
,,,,,,,,
,,,,,,,,
,,,,,,,,
,,,,,,,,
,,,,,,,,
,,,,,,,,
,,,,,,,,
,,,,,,,,
,,,,,,,,
,,,,,,,,
,,,,,,,,
,,,,,,,,
,,,,,,,,
,,,,,,,,
,,,,,,,,
,,,,,,,,
,,,,,,,,
,,,,,,,,
,,,,,,,,
,,,,,,,,
,,,,,,,,
,,,,,,,,
,,,,,,,,
,,,,,,,,
,,,,,,,,
,,,,,,,,
,,,,,,,,
,,,,,,,,
,,,,,,,,
,,,,,,,,
,,,,,,,,
,,,,,,,,
,,,,,,,,
,,,,,,,,
,,,,,,,,
,,,,,,,,
,,,,,,,,
,,,,,,,,
,,,,,,,,
,,,,,,,,
,,,,,,,,
,,,,,,,,
,,,,,,,,
,,,,,,,,
,,,,,,,,
,,,,,,,,
,,,,,,,,
,,,,,,,,
,,,,,,,,
,,,,,,,,
,,,,,,,,
,,,,,,,,
,,,,,,,,
,,,,,,,,
,,,,,,,,
,,,,,,,,
,,,,,,,,
,,,,,,,,
,,,,,,,,
,,,,,,,,
,,,,,,,,
,,,,,,,,
,,,,,,,,
,,,,,,,,
,,,,,,,,
,,,,,,,,
,,,,,,,,
,,,,,,,,
,,,,,,,,
,,,,,,,,
,,,,,,,,
,,,,,,,,
,,,,,,,,
,,,,,,,,
,,,,,,,,
,,,,,,,,
,,,,,,,,
,,,,,,,,
,,,,,,,,
,,,,,,,,
,,,,,,,,
,,,,,,,,
,,,,,,,,
,,,,,,,,
,,,,,,,,
,,,,,,,,
,,,,,,,,
,,,,,,,,
,,,,,,,,
,,,,,,,,
,,,,,,,,
,,,,,,,,
,,,,,,,,
,,,,,,,,
,,,,,,,,
,,,,,,,,
,,,,,,,,
,,,,,,,,
,,,,,,,,
,,,,,,,,
,,,,,,,,
,,,,,,,,
,,,,,,,,
,,,,,,,,
,,,,,,,,
,,,,,,,,
,,,,,,,,
,,,,,,,,
,,,,,,,,
,,,,,,,,
,,,,,,,,
,,,,,,,,
,,,,,,,,
,,,,,,,,
,,,,,,,,
,,,,,,,,
,,,,,,,,
,,,,,,,,
,,,,,,,,
,,,,,,,,
,,,,,,,,
,,,,,,,,
,,,,,,,,
,,,,,,,,
,,,,,,,,
,,,,,,,,
,,,,,,,,
,,,,,,,,
,,,,,,,,
,,,,,,,,
,,,,,,,,
,,,,,,,,
,,,,,,,,
,,,,,,,,
,,,,,,,,
,,,,,,,,
,,,,,,,,
,,,,,,,,
,,,,,,,,
,,,,,,,,
,,,,,,,,
,,,,,,,,
,,,,,,,,
,,,,,,,,
,,,,,,,,
,,,,,,,,
,,,,,,,,
,,,,,,,,
,,,,,,,,
,,,,,,,,
,,,,,,,,
,,,,,,,,
,,,,,,,,
,,,,,,,,
,,,,,,,,
,,,,,,,,
,,,,,,,,
,,,,,,,,
,,,,,,,,
,,,,,,,,
,,,,,,,,
,,,,,,,,
,,,,,,,,
,,,,,,,,
,,,,,,,,
,,,,,,,,
,,,,,,,,
,,,,,,,,
,,,,,,,,
,,,,,,,,
,,,,,,,,
,,,,,,,,
,,,,,,,,
,,,,,,,,
,,,,,,,,
,,,,,,,,
,,,,,,,,
,,,,,,,,
,,,,,,,,
,,,,,,,,
,,,,,,,,
,,,,,,,,
,,,,,,,,
,,,,,,,,
,,,,,,,,
,,,,,,,,
,,,,,,,,
,,,,,,,,
,,,,,,,,
,,,,,,,,
,,,,,,,,
,,,,,,,,
,,,,,,,,
,,,,,,,,
,,,,,,,,
,,,,,,,,
,,,,,,,,
,,,,,,,,
,,,,,,,,
,,,,,,,,
,,,,,,,,
,,,,,,,,
,,,,,,,,
,,,,,,,,
,,,,,,,,
,,,,,,,,
,,,,,,,,
,,,,,,,,
,,,,,,,,
,,,,,,,,
,,,,,,,,
,,,,,,,,
,,,,,,,,
,,,,,,,,
,,,,,,,,
,,,,,,,,
,,,,,,,,
,,,,,,,,
,,,,,,,,
,,,,,,,,
,,,,,,,,
,,,,,,,,
,,,,,,,,
,,,,,,,,
,,,,,,,,
,,,,,,,,
,,,,,,,,
,,,,,,,,
,,,,,,,,
,,,,,,,,
,,,,,,,,
,,,,,,,,
,,,,,,,,
,,,,,,,,
,,,,,,,,
,,,,,,,,
,,,,,,,,
,,,,,,,,
,,,,,,,,
,,,,,,,,
,,,,,,,,
,,,,,,,,
,,,,,,,,
,,,,,,,,
,,,,,,,,
,,,,,,,,
,,,,,,,,
,,,,,,,,
,,,,,,,,
,,,,,,,,
,,,,,,,,
,,,,,,,,
,,,,,,,,
,,,,,,,,
,,,,,,,,
,,,,,,,,
,,,,,,,,
,,,,,,,,
,,,,,,,,
,,,,,,,,
,,,,,,,,
,,,,,,,,
,,,,,,,,
,,,,,,,,
,,,,,,,,
,,,,,,,,
,,,,,,,,
,,,,,,,,
,,,,,,,,
,,,,,,,,
,,,,,,,,
,,,,,,,,
,,,,,,,,
,,,,,,,,
,,,,,,,,
,,,,,,,,
,,,,,,,,
,,,,,,,,
,,,,,,,,
,,,,,,,,
,,,,,,,,
,,,,,,,,
,,,,,,,,
,,,,,,,,
,,,,,,,,
,,,,,,,,
,,,,,,,,
,,,,,,,,
,,,,,,,,
,,,,,,,,
,,,,,,,,
,,,,,,,,
,,,,,,,,
,,,,,,,,
,,,,,,,,
,,,,,,,,
,,,,,,,,
,,,,,,,,
,,,,,,,,
,,,,,,,,
,,,,,,,,
,,,,,,,,
,,,,,,,,
,,,,,,,,
,,,,,,,,
,,,,,,,,
,,,,,,,,
,,,,,,,,
,,,,,,,,
,,,,,,,,
,,,,,,,,
,,,,,,,,
,,,,,,,,
,,,,,,,,
,,,,,,,,
,,,,,,,,
,,,,,,,,
,,,,,,,,
,,,,,,,,
,,,,,,,,
,,,,,,,,
,,,,,,,,
,,,,,,,,
,,,,,,,,
,,,,,,,,
,,,,,,,,
,,,,,,,,
,,,,,,,,
,,,,,,,,
,,,,,,,,
,,,,,,,,
,,,,,,,,
,,,,,,,,
,,,,,,,,
,,,,,,,,
,,,,,,,,
,,,,,,,,
,,,,,,,,
,,,,,,,,
,,,,,,,,
,,,,,,,,
,,,,,,,,
,,,,,,,,
,,,,,,,,
,,,,,,,,
,,,,,,,,
,,,,,,,,
,,,,,,,,
,,,,,,,,
,,,,,,,,
,,,,,,,,
,,,,,,,,
,,,,,,,,
,,,,,,,,
,,,,,,,,
,,,,,,,,
,,,,,,,,
,,,,,,,,
,,,,,,,,
,,,,,,,,
,,,,,,,,
,,,,,,,,
,,,,,,,,
,,,,,,,,
,,,,,,,,
,,,,,,,,
,,,,,,,,
,,,,,,,,
,,,,,,,,
,,,,,,,,
,,,,,,,,
,,,,,,,,
,,,,,,,,
,,,,,,,,
,,,,,,,,
,,,,,,,,
,,,,,,,,
,,,,,,,,
,,,,,,,,
,,,,,,,,
,,,,,,,,
,,,,,,,,
,,,,,,,,
,,,,,,,,
,,,,,,,,
,,,,,,,,
,,,,,,,,
,,,,,,,,
,,,,,,,,
,,,,,,,,
,,,,,,,,
,,,,,,,,
,,,,,,,,
,,,,,,,,
,,,,,,,,
,,,,,,,,
,,,,,,,,
,,,,,,,,
,,,,,,,,
,,,,,,,,
,,,,,,,,
,,,,,,,,
,,,,,,,,
,,,,,,,,
,,,,,,,,
,,,,,,,,
,,,,,,,,
,,,,,,,,
,,,,,,,,
,,,,,,,,
,,,,,,,,
,,,,,,,,
,,,,,,,,
,,,,,,,,
,,,,,,,,
,,,,,,,,
,,,,,,,,
,,,,,,,,
,,,,,,,,
,,,,,,,,
,,,,,,,,
,,,,,,,,
,,,,,,,,
,,,,,,,,
,,,,,,,,
,,,,,,,,
,,,,,,,,
,,,,,,,,
,,,,,,,,
,,,,,,,,
,,,,,,,,
,,,,,,,,
,,,,,,,,
,,,,,,,,
,,,,,,,,
,,,,,,,,
,,,,,,,,
,,,,,,,,
,,,,,,,,
,,,,,,,,
,,,,,,,,
,,,,,,,,
,,,,,,,,
,,,,,,,,
,,,,,,,,
,,,,,,,,
,,,,,,,,
,,,,,,,,
,,,,,,,,
,,,,,,,,
,,,,,,,,
,,,,,,,,
,,,,,,,,
,,,,,,,,
,,,,,,,,
,,,,,,,,
,,,,,,,,
,,,,,,,,
,,,,,,,,
,,,,,,,,
,,,,,,,,
,,,,,,,,
,,,,,,,,
,,,,,,,,
,,,,,,,,
,,,,,,,,
,,,,,,,,
,,,,,,,,
,,,,,,,,
,,,,,,,,
,,,,,,,,
,,,,,,,,
,,,,,,,,
,,,,,,,,
,,,,,,,,
,,,,,,,,
,,,,,,,,
,,,,,,,,
,,,,,,,,
,,,,,,,,
,,,,,,,,
,,,,,,,,
,,,,,,,,
,,,,,,,,
,,,,,,,,
,,,,,,,,
,,,,,,,,
,,,,,,,,
,,,,,,,,
,,,,,,,,
,,,,,,,,
,,,,,,,,
,,,,,,,,
,,,,,,,,
,,,,,,,,
,,,,,,,,
,,,,,,,,
,,,,,,,,
,,,,,,,,
,,,,,,,,
,,,,,,,,
,,,,,,,,
,,,,,,,,
,,,,,,,,
,,,,,,,,
,,,,,,,,
,,,,,,,,
,,,,,,,,
,,,,,,,,
,,,,,,,,
,,,,,,,,
,,,,,,,,
,,,,,,,,
,,,,,,,,
,,,,,,,,
,,,,,,,,
,,,,,,,,
,,,,,,,,
,,,,,,,,
,,,,,,,,
,,,,,,,,
,,,,,,,,
,,,,,,,,
,,,,,,,,
,,,,,,,,
,,,,,,,,
,,,,,,,,
,,,,,,,,
,,,,,,,,
,,,,,,,,
,,,,,,,,
,,,,,,,,
,,,,,,,,
,,,,,,,,
,,,,,,,,
,,,,,,,,
,,,,,,,,
,,,,,,,,
,,,,,,,,
,,,,,,,,
,,,,,,,,
,,,,,,,,
,,,,,,,,
,,,,,,,,
,,,,,,,,
,,,,,,,,
,,,,,,,,
,,,,,,,,
,,,,,,,,
,,,,,,,,
,,,,,,,,
,,,,,,,,
,,,,,,,,
,,,,,,,,
,,,,,,,,
,,,,,,,,
,,,,,,,,
,,,,,,,,
,,,,,,,,
,,,,,,,,
,,,,,,,,
,,,,,,,,
,,,,,,,,
,,,,,,,,
,,,,,,,,
,,,,,,,,
,,,,,,,,
,,,,,,,,
,,,,,,,,
,,,,,,,,
,,,,,,,,
,,,,,,,,
,,,,,,,,
,,,,,,,,
,,,,,,,,
,,,,,,,,
,,,,,,,,
,,,,,,,,
,,,,,,,,
,,,,,,,,
,,,,,,,,
,,,,,,,,
,,,,,,,,
,,,,,,,,
,,,,,,,,
,,,,,,,,
,,,,,,,,
,,,,,,,,
,,,,,,,,
,,,,,,,,
,,,,,,,,
,,,,,,,,
,,,,,,,,
,,,,,,,,
,,,,,,,,
,,,,,,,,
,,,,,,,,
,,,,,,,,
,,,,,,,,
,,,,,,,,
,,,,,,,,
,,,,,,,,
,,,,,,,,
,,,,,,,,
,,,,,,,,
,,,,,,,,
,,,,,,,,
,,,,,,,,
,,,,,,,,
,,,,,,,,
,,,,,,,,
,,,,,,,,
,,,,,,,,
,,,,,,,,
,,,,,,,,
,,,,,,,,
,,,,,,,,
,,,,,,,,
,,,,,,,,
,,,,,,,,
,,,,,,,,
,,,,,,,,
,,,,,,,,
,,,,,,,,
,,,,,,,,
,,,,,,,,
,,,,,,,,
,,,,,,,,
,,,,,,,,
,,,,,,,,
,,,,,,,,
,,,,,,,,
,,,,,,,,
,,,,,,,,
,,,,,,,,
,,,,,,,,
,,,,,,,,
,,,,,,,,
,,,,,,,,
,,,,,,,,
,,,,,,,,
,,,,,,,,
,,,,,,,,
,,,,,,,,
,,,,,,,,
,,,,,,,,
,,,,,,,,
,,,,,,,,
,,,,,,,,
,,,,,,,,
,,,,,,,,
,,,,,,,,
,,,,,,,,
,,,,,,,,
,,,,,,,,
,,,,,,,,
,,,,,,,,
,,,,,,,,
,,,,,,,,
,,,,,,,,
,,,,,,,,
,,,,,,,,
,,,,,,,,
,,,,,,,,
,,,,,,,,
,,,,,,,,
,,,,,,,,
,,,,,,,,
,,,,,,,,
,,,,,,,,
,,,,,,,,
,,,,,,,,
,,,,,,,,
,,,,,,,,
,,,,,,,,
,,,,,,,,
,,,,,,,,
,,,,,,,,
,,,,,,,,
,,,,,,,,
,,,,,,,,
,,,,,,,,
,,,,,,,,
,,,,,,,,
,,,,,,,,
,,,,,,,,
,,,,,,,,
,,,,,,,,
,,,,,,,,
,,,,,,,,
,,,,,,,,
,,,,,,,,
,,,,,,,,
,,,,,,,,
,,,,,,,,
,,,,,,,,
,,,,,,,,
,,,,,,,,
,,,,,,,,
,,,,,,,,
,,,,,,,,
,,,,,,,,
,,,,,,,,
,,,,,,,,
,,,,,,,,
,,,,,,,,
,,,,,,,,
,,,,,,,,
,,,,,,,,
,,,,,,,,
,,,,,,,,
,,,,,,,,
,,,,,,,,
,,,,,,,,
,,,,,,,,
,,,,,,,,
,,,,,,,,
,,,,,,,,
,,,,,,,,
,,,,,,,,
,,,,,,,,
,,,,,,,,
,,,,,,,,
,,,,,,,,
,,,,,,,,
,,,,,,,,
,,,,,,,,
,,,,,,,,
,,,,,,,,
,,,,,,,,
,,,,,,,,
,,,,,,,,
,,,,,,,,
,,,,,,,,
,,,,,,,,
,,,,,,,,
,,,,,,,,
,,,,,,,,
,,,,,,,,
,,,,,,,,
,,,,,,,,
,,,,,,,,
,,,,,,,,
,,,,,,,,
,,,,,,,,
,,,,,,,,
,,,,,,,,
,,,,,,,,
,,,,,,,,
,,,,,,,,
,,,,,,,,
,,,,,,,,
,,,,,,,,
,,,,,,,,
,,,,,,,,
,,,,,,,,
,,,,,,,,
,,,,,,,,
,,,,,,,,
,,,,,,,,
,,,,,,,,
,,,,,,,,
,,,,,,,,
,,,,,,,,
,,,,,,,,
,,,,,,,,
,,,,,,,,
,,,,,,,,
,,,,,,,,
,,,,,,,,
,,,,,,,,
,,,,,,,,
,,,,,,,,
,,,,,,,,
,,,,,,,,
,,,,,,,,
,,,,,,,,
,,,,,,,,
,,,,,,,,
,,,,,,,,
,,,,,,,,
,,,,,,,,
,,,,,,,,
,,,,,,,,
,,,,,,,,
,,,,,,,,
,,,,,,,,
,,,,,,,,
,,,,,,,,
,,,,,,,,
,,,,,,,,
,,,,,,,,
,,,,,,,,
,,,,,,,,
,,,,,,,,
,,,,,,,,
,,,,,,,,
,,,,,,,,
,,,,,,,,
,,,,,,,,
,,,,,,,,
,,,,,,,,
,,,,,,,,
,,,,,,,,
,,,,,,,,
,,,,,,,,
,,,,,,,,
,,,,,,,,
,,,,,,,,
,,,,,,,,
,,,,,,,,
,,,,,,,,
,,,,,,,,
,,,,,,,,
,,,,,,,,
,,,,,,,,
,,,,,,,,
,,,,,,,,
,,,,,,,,
,,,,,,,,
,,,,,,,,
,,,,,,,,
,,,,,,,,
,,,,,,,,
,,,,,,,,
,,,,,,,,
,,,,,,,,
,,,,,,,,
,,,,,,,,
,,,,,,,,
,,,,,,,,
,,,,,,,,
,,,,,,,,
,,,,,,,,
,,,,,,,,
,,,,,,,,
,,,,,,,,
,,,,,,,,
,,,,,,,,
,,,,,,,,
,,,,,,,,
,,,,,,,,
,,,,,,,,
,,,,,,,,
,,,,,,,,
,,,,,,,,
,,,,,,,,
,,,,,,,,
,,,,,,,,
,,,,,,,,
,,,,,,,,
,,,,,,,,
,,,,,,,,
,,,,,,,,
,,,,,,,,
,,,,,,,,
,,,,,,,,
,,,,,,,,
,,,,,,,,
,,,,,,,,
,,,,,,,,
,,,,,,,,
,,,,,,,,
,,,,,,,,
,,,,,,,,
,,,,,,,,
,,,,,,,,
,,,,,,,,
,,,,,,,,
,,,,,,,,
,,,,,,,,
,,,,,,,,
,,,,,,,,
,,,,,,,,
,,,,,,,,
,,,,,,,,
,,,,,,,,
,,,,,,,,
,,,,,,,,
,,,,,,,,
,,,,,,,,
,,,,,,,,
,,,,,,,,
,,,,,,,,
,,,,,,,,
,,,,,,,,
,,,,,,,,
,,,,,,,,
,,,,,,,,
,,,,,,,,
,,,,,,,,
,,,,,,,,
,,,,,,,,
,,,,,,,,
,,,,,,,,
,,,,,,,,
,,,,,,,,
,,,,,,,,
,,,,,,,,
,,,,,,,,
,,,,,,,,
,,,,,,,,
,,,,,,,,
,,,,,,,,
,,,,,,,,
,,,,,,,,
,,,,,,,,
,,,,,,,,
,,,,,,,,
,,,,,,,,
,,,,,,,,
,,,,,,,,
,,,,,,,,
,,,,,,,,
,,,,,,,,
,,,,,,,,
,,,,,,,,
,,,,,,,,
,,,,,,,,
,,,,,,,,
,,,,,,,,
,,,,,,,,
,,,,,,,,
,,,,,,,,
,,,,,,,,
,,,,,,,,
,,,,,,,,
,,,,,,,,
,,,,,,,,
,,,,,,,,
,,,,,,,,
,,,,,,,,
,,,,,,,,
,,,,,,,,
,,,,,,,,
,,,,,,,,
,,,,,,,,
,,,,,,,,
,,,,,,,,
,,,,,,,,
,,,,,,,,
,,,,,,,,
,,,,,,,,
,,,,,,,,
,,,,,,,,
,,,,,,,,
,,,,,,,,
,,,,,,,,
,,,,,,,,
,,,,,,,,
,,,,,,,,
,,,,,,,,
,,,,,,,,
,,,,,,,,
,,,,,,,,
,,,,,,,,
,,,,,,,,
,,,,,,,,
,,,,,,,,
,,,,,,,,
,,,,,,,,
,,,,,,,,
,,,,,,,,
,,,,,,,,
,,,,,,,,
,,,,,,,,
,,,,,,,,
,,,,,,,,
,,,,,,,,
,,,,,,,,
,,,,,,,,
,,,,,,,,
,,,,,,,,
,,,,,,,,
,,,,,,,,
,,,,,,,,
,,,,,,,,
,,,,,,,,
,,,,,,,,
,,,,,,,,
,,,,,,,,
,,,,,,,,
,,,,,,,,
,,,,,,,,
,,,,,,,,
,,,,,,,,
,,,,,,,,
,,,,,,,,
,,,,,,,,
,,,,,,,,
,,,,,,,,
,,,,,,,,
,,,,,,,,
,,,,,,,,
,,,,,,,,
,,,,,,,,
,,,,,,,,
,,,,,,,,
,,,,,,,,
,,,,,,,,
,,,,,,,,
,,,,,,,,
,,,,,,,,
,,,,,,,,
,,,,,,,,
,,,,,,,,
,,,,,,,,
,,,,,,,,
,,,,,,,,
,,,,,,,,
,,,,,,,,
,,,,,,,,
,,,,,,,,
,,,,,,,,
,,,,,,,,
,,,,,,,,
,,,,,,,,
,,,,,,,,
,,,,,,,,
,,,,,,,,
,,,,,,,,
,,,,,,,,
,,,,,,,,
,,,,,,,,
,,,,,,,,
,,,,,,,,
,,,,,,,,
,,,,,,,,
,,,,,,,,
,,,,,,,,
,,,,,,,,
,,,,,,,,
,,,,,,,,
,,,,,,,,
,,,,,,,,
,,,,,,,,
,,,,,,,,
,,,,,,,,
,,,,,,,,
,,,,,,,,
,,,,,,,,
,,,,,,,,
,,,,,,,,
,,,,,,,,
,,,,,,,,
,,,,,,,,
,,,,,,,,
,,,,,,,,
,,,,,,,,
,,,,,,,,
,,,,,,,,
,,,,,,,,
,,,,,,,,
,,,,,,,,
,,,,,,,,
,,,,,,,,
,,,,,,,,
,,,,,,,,
,,,,,,,,
,,,,,,,,
,,,,,,,,
,,,,,,,,
,,,,,,,,
,,,,,,,,
,,,,,,,,
,,,,,,,,
,,,,,,,,
,,,,,,,,
,,,,,,,,
,,,,,,,,
,,,,,,,,
,,,,,,,,
,,,,,,,,
,,,,,,,,
,,,,,,,,
,,,,,,,,
,,,,,,,,
,,,,,,,,
,,,,,,,,
,,,,,,,,
,,,,,,,,
,,,,,,,,
,,,,,,,,
,,,,,,,,
,,,,,,,,
,,,,,,,,
,,,,,,,,
,,,,,,,,
,,,,,,,,
,,,,,,,,
,,,,,,,,
,,,,,,,,
,,,,,,,,
,,,,,,,,
,,,,,,,,
,,,,,,,,
,,,,,,,,
,,,,,,,,
,,,,,,,,
,,,,,,,,
,,,,,,,,
,,,,,,,,
,,,,,,,,
,,,,,,,,
,,,,,,,,
,,,,,,,,
,,,,,,,,
,,,,,,,,
,,,,,,,,
,,,,,,,,
,,,,,,,,
,,,,,,,,
,,,,,,,,
,,,,,,,,
,,,,,,,,
,,,,,,,,
,,,,,,,,
,,,,,,,,
,,,,,,,,
,,,,,,,,
,,,,,,,,
,,,,,,,,
,,,,,,,,
,,,,,,,,
,,,,,,,,
,,,,,,,,
,,,,,,,,
,,,,,,,,
,,,,,,,,
,,,,,,,,
,,,,,,,,
,,,,,,,,
,,,,,,,,
,,,,,,,,
,,,,,,,,
,,,,,,,,
,,,,,,,,
,,,,,,,,
,,,,,,,,
,,,,,,,,
,,,,,,,,
,,,,,,,,
,,,,,,,,
,,,,,,,,
,,,,,,,,
,,,,,,,,
,,,,,,,,
,,,,,,,,
,,,,,,,,
,,,,,,,,
,,,,,,,,
,,,,,,,,
,,,,,,,,
,,,,,,,,
,,,,,,,,
,,,,,,,,
,,,,,,,,
,,,,,,,,
,,,,,,,,
,,,,,,,,
,,,,,,,,
,,,,,,,,
,,,,,,,,
,,,,,,,,
,,,,,,,,
,,,,,,,,
,,,,,,,,
,,,,,,,,
,,,,,,,,
,,,,,,,,
,,,,,,,,
,,,,,,,,
,,,,,,,,
,,,,,,,,
,,,,,,,,
,,,,,,,,
,,,,,,,,
,,,,,,,,
,,,,,,,,
,,,,,,,,
,,,,,,,,
,,,,,,,,
,,,,,,,,
,,,,,,,,
,,,,,,,,
,,,,,,,,
,,,,,,,,
,,,,,,,,
,,,,,,,,
,,,,,,,,
,,,,,,,,
,,,,,,,,
,,,,,,,,
,,,,,,,,
,,,,,,,,
,,,,,,,,
,,,,,,,,
,,,,,,,,
,,,,,,,,
,,,,,,,,
,,,,,,,,
,,,,,,,,
,,,,,,,,
,,,,,,,,
,,,,,,,,
,,,,,,,,
,,,,,,,,
,,,,,,,,
,,,,,,,,
,,,,,,,,
,,,,,,,,
,,,,,,,,
,,,,,,,,
,,,,,,,,
,,,,,,,,
,,,,,,,,
,,,,,,,,
,,,,,,,,
,,,,,,,,
,,,,,,,,
,,,,,,,,
,,,,,,,,
,,,,,,,,
,,,,,,,,
,,,,,,,,
,,,,,,,,
,,,,,,,,
,,,,,,,,
,,,,,,,,
,,,,,,,,
,,,,,,,,
,,,,,,,,
,,,,,,,,
,,,,,,,,
,,,,,,,,
,,,,,,,,
,,,,,,,,
,,,,,,,,
,,,,,,,,
,,,,,,,,
,,,,,,,,
,,,,,,,,
,,,,,,,,
,,,,,,,,
,,,,,,,,
,,,,,,,,
,,,,,,,,
,,,,,,,,
,,,,,,,,
,,,,,,,,
,,,,,,,,
,,,,,,,,
,,,,,,,,
,,,,,,,,
,,,,,,,,
,,,,,,,,
,,,,,,,,
,,,,,,,,
,,,,,,,,
,,,,,,,,
,,,,,,,,
,,,,,,,,
,,,,,,,,
,,,,,,,,
,,,,,,,,
,,,,,,,,
,,,,,,,,
,,,,,,,,
,,,,,,,,
,,,,,,,,
,,,,,,,,
,,,,,,,,
,,,,,,,,
,,,,,,,,
,,,,,,,,
,,,,,,,,
,,,,,,,,
,,,,,,,,
,,,,,,,,
,,,,,,,,
,,,,,,,,
,,,,,,,,
,,,,,,,,
,,,,,,,,
,,,,,,,,
,,,,,,,,
,,,,,,,,
,,,,,,,,
,,,,,,,,
,,,,,,,,
,,,,,,,,
,,,,,,,,
,,,,,,,,
,,,,,,,,
,,,,,,,,
,,,,,,,,
,,,,,,,,
,,,,,,,,
,,,,,,,,
,,,,,,,,
,,,,,,,,
,,,,,,,,
,,,,,,,,
,,,,,,,,
,,,,,,,,
,,,,,,,,
,,,,,,,,
,,,,,,,,
,,,,,,,,
,,,,,,,,
,,,,,,,,
,,,,,,,,
,,,,,,,,
,,,,,,,,
,,,,,,,,
,,,,,,,,
,,,,,,,,
,,,,,,,,
,,,,,,,,
,,,,,,,,
,,,,,,,,
,,,,,,,,
,,,,,,,,
,,,,,,,,
,,,,,,,,
,,,,,,,,
,,,,,,,,
,,,,,,,,
,,,,,,,,
,,,,,,,,
,,,,,,,,
,,,,,,,,
,,,,,,,,
,,,,,,,,
,,,,,,,,
,,,,,,,,
,,,,,,,,
,,,,,,,,
,,,,,,,,
,,,,,,,,
,,,,,,,,
,,,,,,,,
,,,,,,,,
,,,,,,,,
,,,,,,,,
,,,,,,,,
,,,,,,,,
,,,,,,,,
,,,,,,,,
,,,,,,,,
,,,,,,,,
,,,,,,,,
,,,,,,,,
,,,,,,,,
,,,,,,,,
,,,,,,,,
,,,,,,,,
,,,,,,,,
,,,,,,,,
,,,,,,,,
,,,,,,,,
,,,,,,,,
,,,,,,,,
,,,,,,,,
,,,,,,,,
,,,,,,,,
,,,,,,,,
,,,,,,,,
,,,,,,,,
,,,,,,,,
,,,,,,,,
,,,,,,,,
,,,,,,,,
,,,,,,,,
,,,,,,,,
,,,,,,,,
,,,,,,,,
,,,,,,,,
,,,,,,,,
,,,,,,,,
,,,,,,,,
,,,,,,,,
,,,,,,,,
,,,,,,,,
,,,,,,,,
,,,,,,,,
,,,,,,,,
,,,,,,,,
,,,,,,,,
,,,,,,,,
,,,,,,,,
,,,,,,,,
,,,,,,,,
,,,,,,,,
,,,,,,,,
,,,,,,,,
,,,,,,,,
,,,,,,,,
,,,,,,,,
,,,,,,,,
,,,,,,,,
,,,,,,,,
,,,,,,,,
,,,,,,,,
,,,,,,,,
,,,,,,,,
,,,,,,,,
,,,,,,,,
,,,,,,,,
,,,,,,,,
,,,,,,,,
,,,,,,,,
,,,,,,,,
,,,,,,,,
,,,,,,,,
,,,,,,,,
,,,,,,,,
,,,,,,,,
,,,,,,,,
,,,,,,,,
,,,,,,,,
,,,,,,,,
,,,,,,,,
,,,,,,,,
,,,,,,,,
,,,,,,,,
,,,,,,,,
,,,,,,,,
,,,,,,,,
,,,,,,,,
,,,,,,,,
,,,,,,,,
,,,,,,,,
,,,,,,,,
,,,,,,,,
,,,,,,,,
,,,,,,,,
,,,,,,,,
,,,,,,,,
,,,,,,,,
,,,,,,,,
,,,,,,,,
,,,,,,,,
,,,,,,,,
,,,,,,,,
,,,,,,,,
,,,,,,,,
,,,,,,,,
,,,,,,,,
,,,,,,,,
,,,,,,,,
,,,,,,,,
,,,,,,,,
,,,,,,,,
,,,,,,,,
,,,,,,,,
,,,,,,,,
,,,,,,,,
,,,,,,,,
,,,,,,,,
,,,,,,,,
,,,,,,,,
,,,,,,,,
,,,,,,,,
,,,,,,,,
,,,,,,,,
,,,,,,,,
,,,,,,,,
,,,,,,,,
,,,,,,,,
,,,,,,,,
,,,,,,,,
,,,,,,,,
,,,,,,,,
,,,,,,,,
,,,,,,,,
,,,,,,,,
,,,,,,,,
,,,,,,,,
,,,,,,,,
,,,,,,,,
,,,,,,,,
,,,,,,,,
,,,,,,,,
,,,,,,,,
,,,,,,,,
,,,,,,,,
,,,,,,,,
,,,,,,,,
,,,,,,,,
,,,,,,,,
,,,,,,,,
,,,,,,,,
,,,,,,,,
,,,,,,,,
,,,,,,,,
,,,,,,,,
,,,,,,,,
,,,,,,,,
,,,,,,,,
,,,,,,,,
,,,,,,,,
,,,,,,,,
,,,,,,,,
,,,,,,,,
,,,,,,,,
,,,,,,,,
,,,,,,,,
,,,,,,,,
,,,,,,,,
,,,,,,,,
,,,,,,,,
,,,,,,,,
,,,,,,,,
,,,,,,,,
,,,,,,,,
,,,,,,,,
,,,,,,,,
,,,,,,,,
,,,,,,,,
,,,,,,,,
,,,,,,,,
,,,,,,,,
,,,,,,,,
,,,,,,,,
,,,,,,,,
,,,,,,,,
,,,,,,,,
,,,,,,,,
,,,,,,,,
,,,,,,,,
,,,,,,,,
,,,,,,,,
,,,,,,,,
,,,,,,,,
,,,,,,,,
,,,,,,,,
,,,,,,,,
,,,,,,,,
,,,,,,,,
,,,,,,,,
,,,,,,,,
,,,,,,,,
,,,,,,,,
,,,,,,,,
,,,,,,,,
,,,,,,,,
,,,,,,,,
,,,,,,,,
,,,,,,,,
,,,,,,,,
,,,,,,,,
,,,,,,,,
,,,,,,,,
,,,,,,,,
,,,,,,,,
,,,,,,,,
,,,,,,,,
,,,,,,,,
,,,,,,,,
,,,,,,,,
,,,,,,,,
,,,,,,,,
,,,,,,,,
,,,,,,,,
,,,,,,,,
